Run,Assay Type,AvgSpotLen,Bases,BioProject,BioSample,BioSampleModel,Bytes,Center Name,Collection_Date,Consent,DATASTORE filetype,DATASTORE provider,DATASTORE region,Experiment,geo_loc_name_country,geo_loc_name_country_continent,geo_loc_name,HOST,Instrument,isolation_source,lat_lon,Library Name,LibraryLayout,LibrarySelection,LibrarySource,Organism,Platform,ReleaseDate,create_date,version,Sample Name,SRA Study
SRR17648353,WGS,253,3526176764,PRJNA798058,SAMN25046685,Metagenome or environmental,1307578352,WASHINGTON UNIVERSITY IN ST. LOUIS,2020,public,"fastq,run.zq,sra","gs,ncbi,s3","gs.us-east1,ncbi.public,s3.us-east-1",SRX13816704,USA,North America,USA: St. Louis,Homo sapiens,Illumina NovaSeq 6000,Stool 93,38.6270 N 90.1994 W,Stool 93,PAIRED,RANDOM,METAGENOMIC,human gut metagenome,ILLUMINA,2022-05-01T00:00:00Z,2022-01-17T19:25:00Z,1,86001,SRP355475
SRR17648354,WGS,222,2787367185,PRJNA798058,SAMN25046684,Metagenome or environmental,1050424038,WASHINGTON UNIVERSITY IN ST. LOUIS,2020,public,"fastq,run.zq,sra","gs,ncbi,s3","gs.us-east1,ncbi.public,s3.us-east-1",SRX13816703,USA,North America,USA: St. Louis,Homo sapiens,Illumina NovaSeq 6000,Stool 92,38.6270 N 90.1994 W,Stool 92,PAIRED,RANDOM,METAGENOMIC,human gut metagenome,ILLUMINA,2022-05-01T00:00:00Z,2022-01-17T19:32:00Z,1,85150,SRP355475
SRR17648355,WGS,244,2633815043,PRJNA798058,SAMN25046683,Metagenome or environmental,968975704,WASHINGTON UNIVERSITY IN ST. LOUIS,2020,public,"fastq,run.zq,sra","gs,ncbi,s3","gs.us-east1,ncbi.public,s3.us-east-1",SRX13816702,USA,North America,USA: St. Louis,Homo sapiens,Illumina NovaSeq 6000,Stool 91,38.6270 N 90.1994 W,Stool 91,PAIRED,RANDOM,METAGENOMIC,human gut metagenome,ILLUMINA,2022-05-01T00:00:00Z,2022-01-17T19:30:00Z,1,69208,SRP355475
SRR17648356,WGS,265,3109979798,PRJNA798058,SAMN25046602,Metagenome or environmental,1117200807,WASHINGTON UNIVERSITY IN ST. LOUIS,2020,public,"fastq,run.zq,sra","gs,ncbi,s3","gs.us-east1,ncbi.public,s3.us-east-1",SRX13816701,USA,North America,USA: St. Louis,Homo sapiens,Illumina NovaSeq 6000,Stool 10,38.6270 N 90.1994 W,Stool 10,PAIRED,RANDOM,METAGENOMIC,human gut metagenome,ILLUMINA,2022-05-01T00:00:00Z,2022-01-17T19:22:00Z,1,62710,SRP355475
SRR17648357,WGS,240,3542854631,PRJNA798058,SAMN25046682,Metagenome or environmental,1302944778,WASHINGTON UNIVERSITY IN ST. LOUIS,2020,public,"fastq,run.zq,sra","gs,ncbi,s3","gs.us-east1,ncbi.public,s3.us-east-1",SRX13816700,USA,North America,USA: St. Louis,Homo sapiens,Illumina NovaSeq 6000,Stool 90,38.6270 N 90.1994 W,Stool 90,PAIRED,RANDOM,METAGENOMIC,human gut metagenome,ILLUMINA,2022-05-01T00:00:00Z,2022-01-17T19:32:00Z,1,68945,SRP355475
SRR17648358,WGS,248,8286657193,PRJNA798058,SAMN25046681,Metagenome or environmental,2860256689,WASHINGTON UNIVERSITY IN ST. LOUIS,2020,public,"fastq,run.zq,sra","gs,ncbi,s3","gs.us-east1,ncbi.public,s3.us-east-1",SRX13816699,USA,North America,USA: St. Louis,Homo sapiens,Illumina NovaSeq 6000,Stool 89,38.6270 N 90.1994 W,Stool 89,PAIRED,RANDOM,METAGENOMIC,human gut metagenome,ILLUMINA,2022-05-01T00:00:00Z,2022-01-17T19:45:00Z,1,68941,SRP355475
SRR17648359,WGS,227,3007923766,PRJNA798058,SAMN25046680,Metagenome or environmental,1107953497,WASHINGTON UNIVERSITY IN ST. LOUIS,2020,public,"fastq,run.zq,sra","gs,ncbi,s3","gs.us-east1,ncbi.public,s3.us-east-1",SRX13816698,USA,North America,USA: St. Louis,Homo sapiens,Illumina NovaSeq 6000,Stool 88,38.6270 N 90.1994 W,Stool 88,PAIRED,RANDOM,METAGENOMIC,human gut metagenome,ILLUMINA,2022-05-01T00:00:00Z,2022-01-17T19:32:00Z,1,68884,SRP355475
SRR17648360,WGS,226,3109860482,PRJNA798058,SAMN25046679,Metagenome or environmental,1140656036,WASHINGTON UNIVERSITY IN ST. LOUIS,2020,public,"fastq,run.zq,sra","gs,ncbi,s3","gs.us-east1,ncbi.public,s3.us-east-1",SRX13816697,USA,North America,USA: St. Louis,Homo sapiens,Illumina NovaSeq 6000,Stool 87,38.6270 N 90.1994 W,Stool 87,PAIRED,RANDOM,METAGENOMIC,human gut metagenome,ILLUMINA,2022-05-01T00:00:00Z,2022-01-17T19:31:00Z,1,68881,SRP355475
SRR17648361,WGS,264,4901945416,PRJNA798058,SAMN25046678,Metagenome or environmental,1785634365,WASHINGTON UNIVERSITY IN ST. LOUIS,2020,public,"fastq,run.zq,sra","gs,ncbi,s3","gs.us-east1,ncbi.public,s3.us-east-1",SRX13816696,USA,North America,USA: St. Louis,Homo sapiens,Illumina NovaSeq 6000,Stool 86,38.6270 N 90.1994 W,Stool 86,PAIRED,RANDOM,METAGENOMIC,human gut metagenome,ILLUMINA,2022-05-01T00:00:00Z,2022-01-17T19:28:00Z,1,68863,SRP355475
SRR17648362,WGS,247,4268607160,PRJNA798058,SAMN25046677,Metagenome or environmental,1560559614,WASHINGTON UNIVERSITY IN ST. LOUIS,2020,public,"fastq,run.zq,sra","gs,ncbi,s3","gs.us-east1,ncbi.public,s3.us-east-1",SRX13816695,USA,North America,USA: St. Louis,Homo sapiens,Illumina NovaSeq 6000,Stool 85,38.6270 N 90.1994 W,Stool 85,PAIRED,RANDOM,METAGENOMIC,human gut metagenome,ILLUMINA,2022-05-01T00:00:00Z,2022-01-17T19:31:00Z,1,68860,SRP355475
SRR17648363,WGS,242,3341607367,PRJNA798058,SAMN25046676,Metagenome or environmental,1292539147,WASHINGTON UNIVERSITY IN ST. LOUIS,2019,public,"fastq,run.zq,sra","gs,ncbi,s3","gs.us-east1,ncbi.public,s3.us-east-1",SRX13816694,USA,North America,USA: St. Louis,Homo sapiens,Illumina NovaSeq 6000,Stool 84,38.6270 N 90.1994 W,Stool 84,PAIRED,RANDOM,METAGENOMIC,human gut metagenome,ILLUMINA,2022-05-01T00:00:00Z,2022-01-17T19:25:00Z,1,68856,SRP355475
SRR17648364,WGS,232,3878843172,PRJNA798058,SAMN25046675,Metagenome or environmental,1427458193,WASHINGTON UNIVERSITY IN ST. LOUIS,2020,public,"fastq,run.zq,sra","gs,ncbi,s3","gs.us-east1,ncbi.public,s3.us-east-1",SRX13816693,USA,North America,USA: St. Louis,Homo sapiens,Illumina NovaSeq 6000,Stool 83,38.6270 N 90.1994 W,Stool 83,PAIRED,RANDOM,METAGENOMIC,human gut metagenome,ILLUMINA,2022-05-01T00:00:00Z,2022-01-17T19:36:00Z,1,68855,SRP355475
SRR17648365,WGS,244,3767867949,PRJNA798058,SAMN25046674,Metagenome or environmental,1420565780,WASHINGTON UNIVERSITY IN ST. LOUIS,2020,public,"fastq,run.zq,sra","gs,ncbi,s3","gs.us-east1,ncbi.public,s3.us-east-1",SRX13816692,USA,North America,USA: St. Louis,Homo sapiens,Illumina NovaSeq 6000,Stool 82,38.6270 N 90.1994 W,Stool 82,PAIRED,RANDOM,METAGENOMIC,human gut metagenome,ILLUMINA,2022-05-01T00:00:00Z,2022-01-17T19:32:00Z,1,68853,SRP355475
SRR17648366,WGS,248,7141614973,PRJNA798058,SAMN25046673,Metagenome or environmental,2592983744,WASHINGTON UNIVERSITY IN ST. LOUIS,2020,public,"fastq,run.zq,sra","gs,ncbi,s3","gs.us-east1,ncbi.public,s3.us-east-1",SRX13816691,USA,North America,USA: St. Louis,Homo sapiens,Illumina NovaSeq 6000,Stool 81,38.6270 N 90.1994 W,Stool 81,PAIRED,RANDOM,METAGENOMIC,human gut metagenome,ILLUMINA,2022-05-01T00:00:00Z,2022-01-17T19:45:00Z,1,68849,SRP355475
SRR17648367,WGS,247,9494902660,PRJNA798058,SAMN25046601,Metagenome or environmental,3312618641,WASHINGTON UNIVERSITY IN ST. LOUIS,2020,public,"fastq,run.zq,sra","gs,ncbi,s3","gs.us-east1,ncbi.public,s3.us-east-1",SRX13816690,USA,North America,USA: St. Louis,Homo sapiens,Illumina NovaSeq 6000,Stool 9,38.6270 N 90.1994 W,Stool 9,PAIRED,RANDOM,METAGENOMIC,human gut metagenome,ILLUMINA,2022-05-01T00:00:00Z,2022-01-17T20:25:00Z,1,62684,SRP355475
SRR17648368,WGS,242,4819790469,PRJNA798058,SAMN25046672,Metagenome or environmental,1828875805,WASHINGTON UNIVERSITY IN ST. LOUIS,2020,public,"fastq,run.zq,sra","gs,ncbi,s3","gs.us-east1,ncbi.public,s3.us-east-1",SRX13816689,USA,North America,USA: St. Louis,Homo sapiens,Illumina NovaSeq 6000,Stool 80,38.6270 N 90.1994 W,Stool 80,PAIRED,RANDOM,METAGENOMIC,human gut metagenome,ILLUMINA,2022-05-01T00:00:00Z,2022-01-17T19:36:00Z,1,68804,SRP355475
SRR17648369,WGS,233,4949041782,PRJNA798058,SAMN25046671,Metagenome or environmental,1810692001,WASHINGTON UNIVERSITY IN ST. LOUIS,2020,public,"fastq,run.zq,sra","gs,ncbi,s3","gs.us-east1,ncbi.public,s3.us-east-1",SRX13816688,USA,North America,USA: St. Louis,Homo sapiens,Illumina NovaSeq 6000,Stool 79,38.6270 N 90.1994 W,Stool 79,PAIRED,RANDOM,METAGENOMIC,human gut metagenome,ILLUMINA,2022-05-01T00:00:00Z,2022-01-17T19:36:00Z,1,68801,SRP355475
SRR17648370,WGS,233,2124977414,PRJNA798058,SAMN25046670,Metagenome or environmental,785321303,WASHINGTON UNIVERSITY IN ST. LOUIS,2020,public,"fastq,run.zq,sra","gs,ncbi,s3","gs.us-east1,ncbi.public,s3.us-east-1",SRX13816687,USA,North America,USA: St. Louis,Homo sapiens,Illumina NovaSeq 6000,Stool 78,38.6270 N 90.1994 W,Stool 78,PAIRED,RANDOM,METAGENOMIC,human gut metagenome,ILLUMINA,2022-05-01T00:00:00Z,2022-01-17T19:21:00Z,1,68800,SRP355475
SRR17648371,WGS,217,2282015484,PRJNA798058,SAMN25046669,Metagenome or environmental,837577086,WASHINGTON UNIVERSITY IN ST. LOUIS,2020,public,"fastq,run.zq,sra","gs,ncbi,s3","gs.us-east1,ncbi.public,s3.us-east-1",SRX13816686,USA,North America,USA: St. Louis,Homo sapiens,Illumina NovaSeq 6000,Stool 77,38.6270 N 90.1994 W,Stool 77,PAIRED,RANDOM,METAGENOMIC,human gut metagenome,ILLUMINA,2022-05-01T00:00:00Z,2022-01-17T19:27:00Z,1,68795,SRP355475
SRR17648372,WGS,185,2331302032,PRJNA798058,SAMN25046668,Metagenome or environmental,862626587,WASHINGTON UNIVERSITY IN ST. LOUIS,2020,public,"fastq,run.zq,sra","gs,ncbi,s3","gs.us-east1,ncbi.public,s3.us-east-1",SRX13816685,USA,North America,USA: St. Louis,Homo sapiens,Illumina NovaSeq 6000,Stool 76,38.6270 N 90.1994 W,Stool 76,PAIRED,RANDOM,METAGENOMIC,human gut metagenome,ILLUMINA,2022-05-01T00:00:00Z,2022-01-17T19:31:00Z,1,68794,SRP355475
SRR17648373,WGS,252,8287231894,PRJNA798058,SAMN25046667,Metagenome or environmental,2885279172,WASHINGTON UNIVERSITY IN ST. LOUIS,2020,public,"fastq,run.zq,sra","gs,ncbi,s3","gs.us-east1,ncbi.public,s3.us-east-1",SRX13816684,USA,North America,USA: St. Louis,Homo sapiens,Illumina NovaSeq 6000,Stool 75,38.6270 N 90.1994 W,Stool 75,PAIRED,RANDOM,METAGENOMIC,human gut metagenome,ILLUMINA,2022-05-01T00:00:00Z,2022-01-17T20:17:00Z,1,68790,SRP355475
SRR17648374,WGS,249,5292116030,PRJNA798058,SAMN25046666,Metagenome or environmental,1777067700,WASHINGTON UNIVERSITY IN ST. LOUIS,2020,public,"fastq,run.zq,sra","gs,ncbi,s3","gs.us-east1,ncbi.public,s3.us-east-1",SRX13816683,USA,North America,USA: St. Louis,Homo sapiens,Illumina NovaSeq 6000,Stool 74,38.6270 N 90.1994 W,Stool 74,PAIRED,RANDOM,METAGENOMIC,human gut metagenome,ILLUMINA,2022-05-01T00:00:00Z,2022-01-17T19:36:00Z,1,68777,SRP355475
SRR17648375,WGS,226,3149514158,PRJNA798058,SAMN25046665,Metagenome or environmental,1154808895,WASHINGTON UNIVERSITY IN ST. LOUIS,2020,public,"fastq,run.zq,sra","gs,ncbi,s3","gs.us-east1,ncbi.public,s3.us-east-1",SRX13816682,USA,North America,USA: St. Louis,Homo sapiens,Illumina NovaSeq 6000,Stool 73,38.6270 N 90.1994 W,Stool 73,PAIRED,RANDOM,METAGENOMIC,human gut metagenome,ILLUMINA,2022-05-01T00:00:00Z,2022-01-17T19:30:00Z,1,68720,SRP355475
SRR17648376,WGS,257,4155406031,PRJNA798058,SAMN25046664,Metagenome or environmental,1647460057,WASHINGTON UNIVERSITY IN ST. LOUIS,2020,public,"fastq,run.zq,sra","gs,ncbi,s3","gs.us-east1,ncbi.public,s3.us-east-1",SRX13816681,USA,North America,USA: St. Louis,Homo sapiens,Illumina NovaSeq 6000,Stool 72,38.6270 N 90.1994 W,Stool 72,PAIRED,RANDOM,METAGENOMIC,human gut metagenome,ILLUMINA,2022-05-01T00:00:00Z,2022-01-17T19:26:00Z,1,68646,SRP355475
SRR17648377,WGS,248,5657894700,PRJNA798058,SAMN25046663,Metagenome or environmental,1948822596,WASHINGTON UNIVERSITY IN ST. LOUIS,2020,public,"fastq,run.zq,sra","gs,ncbi,s3","gs.us-east1,ncbi.public,s3.us-east-1",SRX13816680,USA,North America,USA: St. Louis,Homo sapiens,Illumina NovaSeq 6000,Stool 71,38.6270 N 90.1994 W,Stool 71,PAIRED,RANDOM,METAGENOMIC,human gut metagenome,ILLUMINA,2022-05-01T00:00:00Z,2022-01-17T19:37:00Z,1,68639,SRP355475
SRR17648378,WGS,239,4022515981,PRJNA798058,SAMN25046600,Metagenome or environmental,1390650146,WASHINGTON UNIVERSITY IN ST. LOUIS,2020,public,"fastq,run.zq,sra","gs,ncbi,s3","gs.us-east1,ncbi.public,s3.us-east-1",SRX13816679,USA,North America,USA: St. Louis,Homo sapiens,Illumina NovaSeq 6000,Stool 8,38.6270 N 90.1994 W,Stool 8,PAIRED,RANDOM,METAGENOMIC,human gut metagenome,ILLUMINA,2022-05-01T00:00:00Z,2022-01-17T19:23:00Z,1,62568,SRP355475
SRR17648379,WGS,227,3583696728,PRJNA798058,SAMN25046662,Metagenome or environmental,1327223504,WASHINGTON UNIVERSITY IN ST. LOUIS,2020,public,"fastq,run.zq,sra","gs,ncbi,s3","gs.us-east1,ncbi.public,s3.us-east-1",SRX13816678,USA,North America,USA: St. Louis,Homo sapiens,Illumina NovaSeq 6000,Stool 70,38.6270 N 90.1994 W,Stool 70,PAIRED,RANDOM,METAGENOMIC,human gut metagenome,ILLUMINA,2022-05-01T00:00:00Z,2022-01-17T19:31:00Z,1,68631,SRP355475
SRR17648380,WGS,233,3745216621,PRJNA798058,SAMN25046661,Metagenome or environmental,1416122653,WASHINGTON UNIVERSITY IN ST. LOUIS,2020,public,"fastq,run.zq,sra","gs,ncbi,s3","gs.us-east1,ncbi.public,s3.us-east-1",SRX13816677,USA,North America,USA: St. Louis,Homo sapiens,Illumina NovaSeq 6000,Stool 69,38.6270 N 90.1994 W,Stool 69,PAIRED,RANDOM,METAGENOMIC,human gut metagenome,ILLUMINA,2022-05-01T00:00:00Z,2022-01-17T19:32:00Z,1,68568,SRP355475
SRR17648381,WGS,224,2682252778,PRJNA798058,SAMN25046660,Metagenome or environmental,980917356,WASHINGTON UNIVERSITY IN ST. LOUIS,2020,public,"fastq,run.zq,sra","gs,ncbi,s3","gs.us-east1,ncbi.public,s3.us-east-1",SRX13816676,USA,North America,USA: St. Louis,Homo sapiens,Illumina NovaSeq 6000,Stool 68,38.6270 N 90.1994 W,Stool 68,PAIRED,RANDOM,METAGENOMIC,human gut metagenome,ILLUMINA,2022-05-01T00:00:00Z,2022-01-17T19:28:00Z,1,68533,SRP355475
SRR17648382,WGS,239,2776651301,PRJNA798058,SAMN25046659,Metagenome or environmental,1026035534,WASHINGTON UNIVERSITY IN ST. LOUIS,2020,public,"fastq,run.zq,sra","gs,ncbi,s3","gs.us-east1,ncbi.public,s3.us-east-1",SRX13816675,USA,North America,USA: St. Louis,Homo sapiens,Illumina NovaSeq 6000,Stool 67,38.6270 N 90.1994 W,Stool 67,PAIRED,RANDOM,METAGENOMIC,human gut metagenome,ILLUMINA,2022-05-01T00:00:00Z,2022-01-17T19:28:00Z,1,68476,SRP355475
SRR17648383,WGS,254,2735231488,PRJNA798058,SAMN25046658,Metagenome or environmental,976893960,WASHINGTON UNIVERSITY IN ST. LOUIS,2020,public,"fastq,run.zq,sra","gs,ncbi,s3","gs.us-east1,ncbi.public,s3.us-east-1",SRX13816674,USA,North America,USA: St. Louis,Homo sapiens,Illumina NovaSeq 6000,Stool 66,38.6270 N 90.1994 W,Stool 66,PAIRED,RANDOM,METAGENOMIC,human gut metagenome,ILLUMINA,2022-05-01T00:00:00Z,2022-01-17T19:29:00Z,1,68294,SRP355475
SRR17648384,WGS,242,4288818097,PRJNA798058,SAMN25046657,Metagenome or environmental,1564521182,WASHINGTON UNIVERSITY IN ST. LOUIS,2019,public,"fastq,run.zq,sra","gs,ncbi,s3","gs.us-east1,ncbi.public,s3.us-east-1",SRX13816673,USA,North America,USA: St. Louis,Homo sapiens,Illumina NovaSeq 6000,Stool 65,38.6270 N 90.1994 W,Stool 65,PAIRED,RANDOM,METAGENOMIC,human gut metagenome,ILLUMINA,2022-05-01T00:00:00Z,2022-01-17T19:36:00Z,1,68289,SRP355475
SRR17648385,WGS,240,1681002857,PRJNA798058,SAMN25046656,Metagenome or environmental,616361032,WASHINGTON UNIVERSITY IN ST. LOUIS,2020,public,"fastq,run.zq,sra","gs,ncbi,s3","gs.us-east1,ncbi.public,s3.us-east-1",SRX13816672,USA,North America,USA: St. Louis,Homo sapiens,Illumina NovaSeq 6000,Stool 64,38.6270 N 90.1994 W,Stool 64,PAIRED,RANDOM,METAGENOMIC,human gut metagenome,ILLUMINA,2022-05-01T00:00:00Z,2022-01-17T19:27:00Z,1,68285,SRP355475
SRR17648386,WGS,248,7194599728,PRJNA798058,SAMN25046655,Metagenome or environmental,2499775067,WASHINGTON UNIVERSITY IN ST. LOUIS,2020,public,"fastq,run.zq,sra","gs,ncbi,s3","gs.us-east1,ncbi.public,s3.us-east-1",SRX13816671,USA,North America,USA: St. Louis,Homo sapiens,Illumina NovaSeq 6000,Stool 63,38.6270 N 90.1994 W,Stool 63,PAIRED,RANDOM,METAGENOMIC,human gut metagenome,ILLUMINA,2022-05-01T00:00:00Z,2022-01-17T19:55:00Z,1,68128,SRP355475
SRR17648387,WGS,252,7262151848,PRJNA798058,SAMN25046654,Metagenome or environmental,2509408354,WASHINGTON UNIVERSITY IN ST. LOUIS,2019,public,"fastq,run.zq,sra","gs,ncbi,s3","gs.us-east1,ncbi.public,s3.us-east-1",SRX13816670,USA,North America,USA: St. Louis,Homo sapiens,Illumina NovaSeq 6000,Stool 62,38.6270 N 90.1994 W,Stool 62,PAIRED,RANDOM,METAGENOMIC,human gut metagenome,ILLUMINA,2022-05-01T00:00:00Z,2022-01-17T19:47:00Z,1,68103,SRP355475
SRR17648388,WGS,257,2371046452,PRJNA798058,SAMN25046653,Metagenome or environmental,857155273,WASHINGTON UNIVERSITY IN ST. LOUIS,2020,public,"fastq,run.zq,sra","gs,ncbi,s3","gs.us-east1,ncbi.public,s3.us-east-1",SRX13816669,USA,North America,USA: St. Louis,Homo sapiens,Illumina NovaSeq 6000,Stool 61,38.6270 N 90.1994 W,Stool 61,PAIRED,RANDOM,METAGENOMIC,human gut metagenome,ILLUMINA,2022-05-01T00:00:00Z,2022-01-17T19:27:00Z,1,68071,SRP355475
SRR17648389,WGS,249,7425583390,PRJNA798058,SAMN25046599,Metagenome or environmental,2604798307,WASHINGTON UNIVERSITY IN ST. LOUIS,2020,public,"fastq,run.zq,sra","gs,ncbi,s3","gs.us-east1,ncbi.public,s3.us-east-1",SRX13816668,USA,North America,USA: St. Louis,Homo sapiens,Illumina NovaSeq 6000,Stool 7,38.6270 N 90.1994 W,Stool 7,PAIRED,RANDOM,METAGENOMIC,human gut metagenome,ILLUMINA,2022-05-01T00:00:00Z,2022-01-17T19:37:00Z,1,62360,SRP355475
SRR17648390,WGS,226,3546142105,PRJNA798058,SAMN25046652,Metagenome or environmental,1298271513,WASHINGTON UNIVERSITY IN ST. LOUIS,2020,public,"fastq,run.zq,sra","gs,ncbi,s3","gs.us-east1,ncbi.public,s3.us-east-1",SRX13816667,USA,North America,USA: St. Louis,Homo sapiens,Illumina NovaSeq 6000,Stool 60,38.6270 N 90.1994 W,Stool 60,PAIRED,RANDOM,METAGENOMIC,human gut metagenome,ILLUMINA,2022-05-01T00:00:00Z,2022-01-17T19:34:00Z,1,67248,SRP355475
SRR17648391,WGS,234,2715432899,PRJNA798058,SAMN25046651,Metagenome or environmental,993001591,WASHINGTON UNIVERSITY IN ST. LOUIS,2020,public,"fastq,run.zq,sra","gs,ncbi,s3","gs.us-east1,ncbi.public,s3.us-east-1",SRX13816666,USA,North America,USA: St. Louis,Homo sapiens,Illumina NovaSeq 6000,Stool 59,38.6270 N 90.1994 W,Stool 59,PAIRED,RANDOM,METAGENOMIC,human gut metagenome,ILLUMINA,2022-05-01T00:00:00Z,2022-01-17T19:22:00Z,1,67197,SRP355475
SRR17648392,WGS,251,6705114239,PRJNA798058,SAMN25046650,Metagenome or environmental,2322829990,WASHINGTON UNIVERSITY IN ST. LOUIS,2020,public,"fastq,run.zq,sra","gs,ncbi,s3","gs.us-east1,ncbi.public,s3.us-east-1",SRX13816665,USA,North America,USA: St. Louis,Homo sapiens,Illumina NovaSeq 6000,Stool 58,38.6270 N 90.1994 W,Stool 58,PAIRED,RANDOM,METAGENOMIC,human gut metagenome,ILLUMINA,2022-05-01T00:00:00Z,2022-01-17T19:35:00Z,1,67180,SRP355475
SRR17648393,WGS,258,14986370456,PRJNA798058,SAMN25046649,Metagenome or environmental,5124748223,WASHINGTON UNIVERSITY IN ST. LOUIS,2020,public,"fastq,run.zq,sra","gs,ncbi,s3","gs.us-east1,ncbi.public,s3.us-east-1",SRX13816664,USA,North America,USA: St. Louis,Homo sapiens,Illumina NovaSeq 6000,Stool 57,38.6270 N 90.1994 W,Stool 57,PAIRED,RANDOM,METAGENOMIC,human gut metagenome,ILLUMINA,2022-05-01T00:00:00Z,2022-01-17T19:53:00Z,1,67164,SRP355475
SRR17648394,WGS,254,8976898624,PRJNA798058,SAMN25046648,Metagenome or environmental,3136672503,WASHINGTON UNIVERSITY IN ST. LOUIS,2020,public,"fastq,run.zq,sra","gs,ncbi,s3","gs.us-east1,ncbi.public,s3.us-east-1",SRX13816663,USA,North America,USA: St. Louis,Homo sapiens,Illumina NovaSeq 6000,Stool 56,38.6270 N 90.1994 W,Stool 56,PAIRED,RANDOM,METAGENOMIC,human gut metagenome,ILLUMINA,2022-05-01T00:00:00Z,2022-01-17T20:22:00Z,1,66550,SRP355475
SRR17648395,WGS,255,10909546179,PRJNA798058,SAMN25046647,Metagenome or environmental,3729770276,WASHINGTON UNIVERSITY IN ST. LOUIS,2020,public,"fastq,run.zq,sra","gs,ncbi,s3","gs.us-east1,ncbi.public,s3.us-east-1",SRX13816662,USA,North America,USA: St. Louis,Homo sapiens,Illumina NovaSeq 6000,Stool 55,38.6270 N 90.1994 W,Stool 55,PAIRED,RANDOM,METAGENOMIC,human gut metagenome,ILLUMINA,2022-05-01T00:00:00Z,2022-01-17T19:49:00Z,1,66544,SRP355475
SRR17648396,WGS,231,2996677762,PRJNA798058,SAMN25046646,Metagenome or environmental,1108166920,WASHINGTON UNIVERSITY IN ST. LOUIS,2020,public,"fastq,run.zq,sra","gs,ncbi,s3","gs.us-east1,ncbi.public,s3.us-east-1",SRX13816661,USA,North America,USA: St. Louis,Homo sapiens,Illumina NovaSeq 6000,Stool 54,38.6270 N 90.1994 W,Stool 54,PAIRED,RANDOM,METAGENOMIC,human gut metagenome,ILLUMINA,2022-05-01T00:00:00Z,2022-01-17T19:32:00Z,1,66474,SRP355475
SRR17648397,WGS,237,3757626921,PRJNA798058,SAMN25046645,Metagenome or environmental,1385722541,WASHINGTON UNIVERSITY IN ST. LOUIS,2020,public,"fastq,run.zq,sra","gs,ncbi,s3","gs.us-east1,ncbi.public,s3.us-east-1",SRX13816660,USA,North America,USA: St. Louis,Homo sapiens,Illumina NovaSeq 6000,Stool 53,38.6270 N 90.1994 W,Stool 53,PAIRED,RANDOM,METAGENOMIC,human gut metagenome,ILLUMINA,2022-05-01T00:00:00Z,2022-01-17T19:31:00Z,1,66457,SRP355475
SRR17648398,WGS,216,3172284075,PRJNA798058,SAMN25046644,Metagenome or environmental,1173027394,WASHINGTON UNIVERSITY IN ST. LOUIS,2020,public,"fastq,run.zq,sra","gs,ncbi,s3","gs.us-east1,ncbi.public,s3.us-east-1",SRX13816659,USA,North America,USA: St. Louis,Homo sapiens,Illumina NovaSeq 6000,Stool 52,38.6270 N 90.1994 W,Stool 52,PAIRED,RANDOM,METAGENOMIC,human gut metagenome,ILLUMINA,2022-05-01T00:00:00Z,2022-01-17T19:30:00Z,1,66246,SRP355475
SRR17648399,WGS,228,3467888379,PRJNA798058,SAMN25046643,Metagenome or environmental,1279950768,WASHINGTON UNIVERSITY IN ST. LOUIS,2020,public,"fastq,run.zq,sra","gs,ncbi,s3","gs.us-east1,ncbi.public,s3.us-east-1",SRX13816658,USA,North America,USA: St. Louis,Homo sapiens,Illumina NovaSeq 6000,Stool 51,38.6270 N 90.1994 W,Stool 51,PAIRED,RANDOM,METAGENOMIC,human gut metagenome,ILLUMINA,2022-05-01T00:00:00Z,2022-01-17T19:36:00Z,1,66100,SRP355475
SRR17648400,WGS,229,3952940327,PRJNA798058,SAMN25046598,Metagenome or environmental,1452690509,WASHINGTON UNIVERSITY IN ST. LOUIS,2021,public,"fastq,run.zq,sra","gs,ncbi,s3","gs.us-east1,ncbi.public,s3.us-east-1",SRX13816657,USA,North America,USA: St. Louis,Homo sapiens,Illumina NovaSeq 6000,Stool 6,38.6270 N 90.1994 W,Stool 6,PAIRED,RANDOM,METAGENOMIC,human gut metagenome,ILLUMINA,2022-05-01T00:00:00Z,2022-01-17T19:33:00Z,1,61909,SRP355475
SRR17648401,WGS,256,7587219374,PRJNA798058,SAMN25046642,Metagenome or environmental,2659216868,WASHINGTON UNIVERSITY IN ST. LOUIS,2020,public,"fastq,run.zq,sra","gs,ncbi,s3","gs.us-east1,ncbi.public,s3.us-east-1",SRX13816656,USA,North America,USA: St. Louis,Homo sapiens,Illumina NovaSeq 6000,Stool 50,38.6270 N 90.1994 W,Stool 50,PAIRED,RANDOM,METAGENOMIC,human gut metagenome,ILLUMINA,2022-05-01T00:00:00Z,2022-01-17T19:41:00Z,1,66087,SRP355475
SRR17648402,WGS,198,10789481959,PRJNA798058,SAMN25046641,Metagenome or environmental,3751192654,WASHINGTON UNIVERSITY IN ST. LOUIS,2020,public,"fastq,run.zq,sra","gs,ncbi,s3","gs.us-east1,ncbi.public,s3.us-east-1",SRX13816655,USA,North America,USA: St. Louis,Homo sapiens,Illumina NovaSeq 6000,Stool 49,38.6270 N 90.1994 W,Stool 49,PAIRED,RANDOM,METAGENOMIC,human gut metagenome,ILLUMINA,2022-05-01T00:00:00Z,2022-01-17T20:00:00Z,1,66063,SRP355475
SRR17648403,WGS,258,6506281418,PRJNA798058,SAMN25046640,Metagenome or environmental,2447193343,WASHINGTON UNIVERSITY IN ST. LOUIS,2020,public,"fastq,run.zq,sra","gs,ncbi,s3","gs.us-east1,ncbi.public,s3.us-east-1",SRX13816654,USA,North America,USA: St. Louis,Homo sapiens,Illumina NovaSeq 6000,Stool 48,38.6270 N 90.1994 W,Stool 48,PAIRED,RANDOM,METAGENOMIC,human gut metagenome,ILLUMINA,2022-05-01T00:00:00Z,2022-01-17T19:47:00Z,1,66055,SRP355475
SRR17648404,WGS,253,4043949426,PRJNA798058,SAMN25046639,Metagenome or environmental,1393671184,WASHINGTON UNIVERSITY IN ST. LOUIS,2020,public,"fastq,run.zq,sra","gs,ncbi,s3","gs.us-east1,ncbi.public,s3.us-east-1",SRX13816653,USA,North America,USA: St. Louis,Homo sapiens,Illumina NovaSeq 6000,Stool 47,38.6270 N 90.1994 W,Stool 47,PAIRED,RANDOM,METAGENOMIC,human gut metagenome,ILLUMINA,2022-05-01T00:00:00Z,2022-01-17T19:35:00Z,1,65957,SRP355475
SRR17648405,WGS,253,7093968345,PRJNA798058,SAMN25046638,Metagenome or environmental,2448437559,WASHINGTON UNIVERSITY IN ST. LOUIS,2020,public,"fastq,run.zq,sra","gs,ncbi,s3","gs.us-east1,ncbi.public,s3.us-east-1",SRX13816652,USA,North America,USA: St. Louis,Homo sapiens,Illumina NovaSeq 6000,Stool 46,38.6270 N 90.1994 W,Stool 46,PAIRED,RANDOM,METAGENOMIC,human gut metagenome,ILLUMINA,2022-05-01T00:00:00Z,2022-01-17T19:35:00Z,1,65914,SRP355475
SRR17648406,WGS,231,3319993159,PRJNA798058,SAMN25046637,Metagenome or environmental,1233602330,WASHINGTON UNIVERSITY IN ST. LOUIS,2020,public,"fastq,run.zq,sra","gs,ncbi,s3","gs.us-east1,ncbi.public,s3.us-east-1",SRX13816651,USA,North America,USA: St. Louis,Homo sapiens,Illumina NovaSeq 6000,Stool 45,38.6270 N 90.1994 W,Stool 45,PAIRED,RANDOM,METAGENOMIC,human gut metagenome,ILLUMINA,2022-05-01T00:00:00Z,2022-01-17T19:24:00Z,1,65912,SRP355475
SRR17648407,WGS,227,3585749574,PRJNA798058,SAMN25046636,Metagenome or environmental,1324742060,WASHINGTON UNIVERSITY IN ST. LOUIS,2020,public,"fastq,run.zq,sra","gs,ncbi,s3","gs.us-east1,ncbi.public,s3.us-east-1",SRX13816650,USA,North America,USA: St. Louis,Homo sapiens,Illumina NovaSeq 6000,Stool 44,38.6270 N 90.1994 W,Stool 44,PAIRED,RANDOM,METAGENOMIC,human gut metagenome,ILLUMINA,2022-05-01T00:00:00Z,2022-01-17T19:42:00Z,1,65910,SRP355475
SRR17648408,WGS,235,3174271715,PRJNA798058,SAMN25046635,Metagenome or environmental,1185388792,WASHINGTON UNIVERSITY IN ST. LOUIS,2020,public,"fastq,run.zq,sra","gs,ncbi,s3","gs.us-east1,ncbi.public,s3.us-east-1",SRX13816649,USA,North America,USA: St. Louis,Homo sapiens,Illumina NovaSeq 6000,Stool 43,38.6270 N 90.1994 W,Stool 43,PAIRED,RANDOM,METAGENOMIC,human gut metagenome,ILLUMINA,2022-05-01T00:00:00Z,2022-01-17T19:31:00Z,1,65839,SRP355475
SRR17648409,WGS,233,3397212589,PRJNA798058,SAMN25046634,Metagenome or environmental,1275286371,WASHINGTON UNIVERSITY IN ST. LOUIS,2020,public,"fastq,run.zq,sra","gs,ncbi,s3","gs.us-east1,ncbi.public,s3.us-east-1",SRX13816648,USA,North America,USA: St. Louis,Homo sapiens,Illumina NovaSeq 6000,Stool 42,38.6270 N 90.1994 W,Stool 42,PAIRED,RANDOM,METAGENOMIC,human gut metagenome,ILLUMINA,2022-05-01T00:00:00Z,2022-01-17T19:51:00Z,1,65818,SRP355475
SRR17648410,WGS,245,7626302230,PRJNA798058,SAMN25046633,Metagenome or environmental,2614048207,WASHINGTON UNIVERSITY IN ST. LOUIS,2020,public,"fastq,run.zq,sra","gs,ncbi,s3","gs.us-east1,ncbi.public,s3.us-east-1",SRX13816647,USA,North America,USA: St. Louis,Homo sapiens,Illumina NovaSeq 6000,Stool 41,38.6270 N 90.1994 W,Stool 41,PAIRED,RANDOM,METAGENOMIC,human gut metagenome,ILLUMINA,2022-05-01T00:00:00Z,2022-01-17T19:37:00Z,1,65780,SRP355475
SRR17648411,WGS,230,3525788925,PRJNA798058,SAMN25046597,Metagenome or environmental,1339358630,WASHINGTON UNIVERSITY IN ST. LOUIS,2020,public,"fastq,run.zq,sra","gs,ncbi,s3","gs.us-east1,ncbi.public,s3.us-east-1",SRX13816646,USA,North America,USA: St. Louis,Homo sapiens,Illumina NovaSeq 6000,Stool 5,38.6270 N 90.1994 W,Stool 5,PAIRED,RANDOM,METAGENOMIC,human gut metagenome,ILLUMINA,2022-05-01T00:00:00Z,2022-01-17T19:35:00Z,1,61707,SRP355475
SRR17648412,WGS,257,10345387043,PRJNA798058,SAMN25046632,Metagenome or environmental,3768697521,WASHINGTON UNIVERSITY IN ST. LOUIS,2019,public,"fastq,run.zq,sra","gs,ncbi,s3","gs.us-east1,ncbi.public,s3.us-east-1",SRX13816645,USA,North America,USA: St. Louis,Homo sapiens,Illumina NovaSeq 6000,Stool 40,38.6270 N 90.1994 W,Stool 40,PAIRED,RANDOM,METAGENOMIC,human gut metagenome,ILLUMINA,2022-05-01T00:00:00Z,2022-01-17T19:52:00Z,1,65744,SRP355475
SRR17648413,WGS,227,3657871899,PRJNA798058,SAMN25046631,Metagenome or environmental,1343769476,WASHINGTON UNIVERSITY IN ST. LOUIS,2020,public,"fastq,run.zq,sra","gs,ncbi,s3","gs.us-east1,ncbi.public,s3.us-east-1",SRX13816644,USA,North America,USA: St. Louis,Homo sapiens,Illumina NovaSeq 6000,Stool 39,38.6270 N 90.1994 W,Stool 39,PAIRED,RANDOM,METAGENOMIC,human gut metagenome,ILLUMINA,2022-05-01T00:00:00Z,2022-01-17T19:35:00Z,1,65696,SRP355475
SRR17648414,WGS,235,2870762925,PRJNA798058,SAMN25046630,Metagenome or environmental,1124836494,WASHINGTON UNIVERSITY IN ST. LOUIS,2020,public,"fastq,run.zq,sra","gs,ncbi,s3","gs.us-east1,ncbi.public,s3.us-east-1",SRX13816643,USA,North America,USA: St. Louis,Homo sapiens,Illumina NovaSeq 6000,Stool 38,38.6270 N 90.1994 W,Stool 38,PAIRED,RANDOM,METAGENOMIC,human gut metagenome,ILLUMINA,2022-05-01T00:00:00Z,2022-01-17T19:31:00Z,1,65663,SRP355475
SRR17648415,WGS,241,3985356430,PRJNA798058,SAMN25046629,Metagenome or environmental,1463970316,WASHINGTON UNIVERSITY IN ST. LOUIS,2020,public,"fastq,run.zq,sra","gs,ncbi,s3","gs.us-east1,ncbi.public,s3.us-east-1",SRX13816642,USA,North America,USA: St. Louis,Homo sapiens,Illumina NovaSeq 6000,Stool 37,38.6270 N 90.1994 W,Stool 37,PAIRED,RANDOM,METAGENOMIC,human gut metagenome,ILLUMINA,2022-05-01T00:00:00Z,2022-01-17T19:32:00Z,1,65561,SRP355475
SRR17648416,WGS,214,3020473791,PRJNA798058,SAMN25046628,Metagenome or environmental,1110820516,WASHINGTON UNIVERSITY IN ST. LOUIS,2020,public,"fastq,run.zq,sra","gs,ncbi,s3","gs.us-east1,ncbi.public,s3.us-east-1",SRX13816641,USA,North America,USA: St. Louis,Homo sapiens,Illumina NovaSeq 6000,Stool 36,38.6270 N 90.1994 W,Stool 36,PAIRED,RANDOM,METAGENOMIC,human gut metagenome,ILLUMINA,2022-05-01T00:00:00Z,2022-01-17T19:25:00Z,1,65320,SRP355475
SRR17648417,WGS,258,10335988186,PRJNA798058,SAMN25046627,Metagenome or environmental,3696615704,WASHINGTON UNIVERSITY IN ST. LOUIS,2020,public,"fastq,run.zq,sra","gs,ncbi,s3","gs.us-east1,ncbi.public,s3.us-east-1",SRX13816640,USA,North America,USA: St. Louis,Homo sapiens,Illumina NovaSeq 6000,Stool 35,38.6270 N 90.1994 W,Stool 35,PAIRED,RANDOM,METAGENOMIC,human gut metagenome,ILLUMINA,2022-05-01T00:00:00Z,2022-01-17T19:56:00Z,1,65247,SRP355475
SRR17648418,WGS,251,8555506104,PRJNA798058,SAMN25046626,Metagenome or environmental,2976732208,WASHINGTON UNIVERSITY IN ST. LOUIS,2020,public,"fastq,run.zq,sra","gs,ncbi,s3","gs.us-east1,ncbi.public,s3.us-east-1",SRX13816639,USA,North America,USA: St. Louis,Homo sapiens,Illumina NovaSeq 6000,Stool 34,38.6270 N 90.1994 W,Stool 34,PAIRED,RANDOM,METAGENOMIC,human gut metagenome,ILLUMINA,2022-05-01T00:00:00Z,2022-01-17T19:38:00Z,1,64979,SRP355475
SRR17648419,WGS,218,3464099394,PRJNA798058,SAMN25046625,Metagenome or environmental,1279499883,WASHINGTON UNIVERSITY IN ST. LOUIS,2020,public,"fastq,run.zq,sra","gs,ncbi,s3","gs.us-east1,ncbi.public,s3.us-east-1",SRX13816638,USA,North America,USA: St. Louis,Homo sapiens,Illumina NovaSeq 6000,Stool 33,38.6270 N 90.1994 W,Stool 33,PAIRED,RANDOM,METAGENOMIC,human gut metagenome,ILLUMINA,2022-05-01T00:00:00Z,2022-01-17T19:32:00Z,1,64931,SRP355475
SRR17648420,WGS,185,2242360130,PRJNA798058,SAMN25046624,Metagenome or environmental,879699338,WASHINGTON UNIVERSITY IN ST. LOUIS,2020,public,"fastq,run.zq,sra","gs,ncbi,s3","gs.us-east1,ncbi.public,s3.us-east-1",SRX13816637,USA,North America,USA: St. Louis,Homo sapiens,Illumina NovaSeq 6000,Stool 32,38.6270 N 90.1994 W,Stool 32,PAIRED,RANDOM,METAGENOMIC,human gut metagenome,ILLUMINA,2022-05-01T00:00:00Z,2022-01-17T19:30:00Z,1,64930,SRP355475
SRR17648421,WGS,263,8458168560,PRJNA798058,SAMN25046623,Metagenome or environmental,3005261049,WASHINGTON UNIVERSITY IN ST. LOUIS,2020,public,"fastq,run.zq,sra","gs,ncbi,s3","gs.us-east1,ncbi.public,s3.us-east-1",SRX13816636,USA,North America,USA: St. Louis,Homo sapiens,Illumina NovaSeq 6000,Stool 31,38.6270 N 90.1994 W,Stool 31,PAIRED,RANDOM,METAGENOMIC,human gut metagenome,ILLUMINA,2022-05-01T00:00:00Z,2022-01-17T19:43:00Z,1,64769,SRP355475
SRR17648422,WGS,269,8818396225,PRJNA798058,SAMN25046596,Metagenome or environmental,3467555540,WASHINGTON UNIVERSITY IN ST. LOUIS,2020,public,"fastq,run.zq,sra","gs,ncbi,s3","gs.us-east1,ncbi.public,s3.us-east-1",SRX13816635,USA,North America,USA: St. Louis,Homo sapiens,Illumina NovaSeq 6000,Stool 4,38.6270 N 90.1994 W,Stool 4,PAIRED,RANDOM,METAGENOMIC,human gut metagenome,ILLUMINA,2022-05-01T00:00:00Z,2022-01-17T19:47:00Z,1,24882,SRP355475
SRR17648423,WGS,255,5417157175,PRJNA798058,SAMN25046622,Metagenome or environmental,1842276612,WASHINGTON UNIVERSITY IN ST. LOUIS,2019,public,"fastq,run.zq,sra","gs,ncbi,s3","gs.us-east1,ncbi.public,s3.us-east-1",SRX13816634,USA,North America,USA: St. Louis,Homo sapiens,Illumina NovaSeq 6000,Stool 30,38.6270 N 90.1994 W,Stool 30,PAIRED,RANDOM,METAGENOMIC,human gut metagenome,ILLUMINA,2022-05-01T00:00:00Z,2022-01-17T19:39:00Z,1,64495,SRP355475
SRR17648424,WGS,257,8022684448,PRJNA798058,SAMN25046621,Metagenome or environmental,2794907263,WASHINGTON UNIVERSITY IN ST. LOUIS,2020,public,"fastq,run.zq,sra","gs,ncbi,s3","gs.us-east1,ncbi.public,s3.us-east-1",SRX13816633,USA,North America,USA: St. Louis,Homo sapiens,Illumina NovaSeq 6000,Stool 29,38.6270 N 90.1994 W,Stool 29,PAIRED,RANDOM,METAGENOMIC,human gut metagenome,ILLUMINA,2022-05-01T00:00:00Z,2022-01-17T20:17:00Z,1,64363,SRP355475
SRR17648425,WGS,248,6847682395,PRJNA798058,SAMN25046620,Metagenome or environmental,2510754005,WASHINGTON UNIVERSITY IN ST. LOUIS,2019,public,"fastq,run.zq,sra","gs,ncbi,s3","gs.us-east1,ncbi.public,s3.us-east-1",SRX13816632,USA,North America,USA: St. Louis,Homo sapiens,Illumina NovaSeq 6000,Stool 28,38.6270 N 90.1994 W,Stool 28,PAIRED,RANDOM,METAGENOMIC,human gut metagenome,ILLUMINA,2022-05-01T00:00:00Z,2022-01-17T19:36:00Z,1,64295,SRP355475
SRR17648426,WGS,254,5322701374,PRJNA798058,SAMN25046619,Metagenome or environmental,1815996850,WASHINGTON UNIVERSITY IN ST. LOUIS,2019,public,"fastq,run.zq,sra","gs,ncbi,s3","gs.us-east1,ncbi.public,s3.us-east-1",SRX13816631,USA,North America,USA: St. Louis,Homo sapiens,Illumina NovaSeq 6000,Stool 27,38.6270 N 90.1994 W,Stool 27,PAIRED,RANDOM,METAGENOMIC,human gut metagenome,ILLUMINA,2022-05-01T00:00:00Z,2022-01-17T19:41:00Z,1,64213,SRP355475
SRR17648427,WGS,242,4082064582,PRJNA798058,SAMN25046618,Metagenome or environmental,1499382079,WASHINGTON UNIVERSITY IN ST. LOUIS,2020,public,"fastq,run.zq,sra","gs,ncbi,s3","gs.us-east1,ncbi.public,s3.us-east-1",SRX13816630,USA,North America,USA: St. Louis,Homo sapiens,Illumina NovaSeq 6000,Stool 26,38.6270 N 90.1994 W,Stool 26,PAIRED,RANDOM,METAGENOMIC,human gut metagenome,ILLUMINA,2022-05-01T00:00:00Z,2022-01-17T19:27:00Z,1,64128,SRP355475
SRR17648428,WGS,232,2983909558,PRJNA798058,SAMN25046617,Metagenome or environmental,1101648307,WASHINGTON UNIVERSITY IN ST. LOUIS,2020,public,"fastq,run.zq,sra","gs,ncbi,s3","gs.us-east1,ncbi.public,s3.us-east-1",SRX13816629,USA,North America,USA: St. Louis,Homo sapiens,Illumina NovaSeq 6000,Stool 25,38.6270 N 90.1994 W,Stool 25,PAIRED,RANDOM,METAGENOMIC,human gut metagenome,ILLUMINA,2022-05-01T00:00:00Z,2022-01-17T19:23:00Z,1,64051,SRP355475
SRR17648429,WGS,253,7494439719,PRJNA798058,SAMN25046616,Metagenome or environmental,2546322633,WASHINGTON UNIVERSITY IN ST. LOUIS,2019,public,"fastq,run.zq,sra","gs,ncbi,s3","gs.us-east1,ncbi.public,s3.us-east-1",SRX13816628,USA,North America,USA: St. Louis,Homo sapiens,Illumina NovaSeq 6000,Stool 24,38.6270 N 90.1994 W,Stool 24,PAIRED,RANDOM,METAGENOMIC,human gut metagenome,ILLUMINA,2022-05-01T00:00:00Z,2022-01-17T19:39:00Z,1,64034,SRP355475
SRR17648430,WGS,253,12010606930,PRJNA798058,SAMN25046615,Metagenome or environmental,4322857319,WASHINGTON UNIVERSITY IN ST. LOUIS,2020,public,"fastq,run.zq,sra","gs,ncbi,s3","gs.us-east1,ncbi.public,s3.us-east-1",SRX13816627,USA,North America,USA: St. Louis,Homo sapiens,Illumina NovaSeq 6000,Stool 23,38.6270 N 90.1994 W,Stool 23,PAIRED,RANDOM,METAGENOMIC,human gut metagenome,ILLUMINA,2022-05-01T00:00:00Z,2022-01-17T20:37:00Z,1,63972,SRP355475
SRR17648431,WGS,243,2855395440,PRJNA798058,SAMN25046614,Metagenome or environmental,1043537098,WASHINGTON UNIVERSITY IN ST. LOUIS,2020,public,"fastq,run.zq,sra","gs,ncbi,s3","gs.us-east1,ncbi.public,s3.us-east-1",SRX13816626,USA,North America,USA: St. Louis,Homo sapiens,Illumina NovaSeq 6000,Stool 22,38.6270 N 90.1994 W,Stool 22,PAIRED,RANDOM,METAGENOMIC,human gut metagenome,ILLUMINA,2022-05-01T00:00:00Z,2022-01-17T19:30:00Z,1,63791,SRP355475
SRR17648432,WGS,238,3453439264,PRJNA798058,SAMN25046613,Metagenome or environmental,1309368535,WASHINGTON UNIVERSITY IN ST. LOUIS,2020,public,"fastq,run.zq,sra","gs,ncbi,s3","gs.us-east1,ncbi.public,s3.us-east-1",SRX13816625,USA,North America,USA: St. Louis,Homo sapiens,Illumina NovaSeq 6000,Stool 21,38.6270 N 90.1994 W,Stool 21,PAIRED,RANDOM,METAGENOMIC,human gut metagenome,ILLUMINA,2022-05-01T00:00:00Z,2022-01-17T19:48:00Z,1,63641,SRP355475
SRR17648433,WGS,225,2703047721,PRJNA798058,SAMN25046595,Metagenome or environmental,1000509363,WASHINGTON UNIVERSITY IN ST. LOUIS,2020,public,"fastq,run.zq,sra","gs,ncbi,s3","gs.us-east1,ncbi.public,s3.us-east-1",SRX13816624,USA,North America,USA: St. Louis,Homo sapiens,Illumina NovaSeq 6000,Stool 3,38.6270 N 90.1994 W,Stool 3,PAIRED,RANDOM,METAGENOMIC,human gut metagenome,ILLUMINA,2022-05-01T00:00:00Z,2022-01-17T19:28:00Z,1,22647,SRP355475
SRR17648434,WGS,246,3327245626,PRJNA798058,SAMN25046612,Metagenome or environmental,1330579229,WASHINGTON UNIVERSITY IN ST. LOUIS,2020,public,"fastq,run.zq,sra","gs,ncbi,s3","gs.us-east1,ncbi.public,s3.us-east-1",SRX13816623,USA,North America,USA: St. Louis,Homo sapiens,Illumina NovaSeq 6000,Stool 20,38.6270 N 90.1994 W,Stool 20,PAIRED,RANDOM,METAGENOMIC,human gut metagenome,ILLUMINA,2022-05-01T00:00:00Z,2022-01-17T19:38:00Z,1,63413,SRP355475
SRR17648435,WGS,258,8511318466,PRJNA798058,SAMN25046611,Metagenome or environmental,2919139595,WASHINGTON UNIVERSITY IN ST. LOUIS,2020,public,"fastq,run.zq,sra","gs,ncbi,s3","gs.us-east1,ncbi.public,s3.us-east-1",SRX13816622,USA,North America,USA: St. Louis,Homo sapiens,Illumina NovaSeq 6000,Stool 19,38.6270 N 90.1994 W,Stool 19,PAIRED,RANDOM,METAGENOMIC,human gut metagenome,ILLUMINA,2022-05-01T00:00:00Z,2022-01-17T19:46:00Z,1,63272,SRP355475
SRR17648436,WGS,243,2727496965,PRJNA798058,SAMN25046610,Metagenome or environmental,1004843427,WASHINGTON UNIVERSITY IN ST. LOUIS,2020,public,"fastq,run.zq,sra","gs,ncbi,s3","gs.us-east1,ncbi.public,s3.us-east-1",SRX13816621,USA,North America,USA: St. Louis,Homo sapiens,Illumina NovaSeq 6000,Stool 18,38.6270 N 90.1994 W,Stool 18,PAIRED,RANDOM,METAGENOMIC,human gut metagenome,ILLUMINA,2022-05-01T00:00:00Z,2022-01-17T19:29:00Z,1,63218,SRP355475
SRR17648437,WGS,227,3574911091,PRJNA798058,SAMN25046609,Metagenome or environmental,1320348133,WASHINGTON UNIVERSITY IN ST. LOUIS,2020,public,"fastq,run.zq,sra","gs,ncbi,s3","gs.us-east1,ncbi.public,s3.us-east-1",SRX13816620,USA,North America,USA: St. Louis,Homo sapiens,Illumina NovaSeq 6000,Stool 17,38.6270 N 90.1994 W,Stool 17,PAIRED,RANDOM,METAGENOMIC,human gut metagenome,ILLUMINA,2022-05-01T00:00:00Z,2022-01-17T19:32:00Z,1,63174,SRP355475
SRR17648438,WGS,236,2732595259,PRJNA798058,SAMN25046608,Metagenome or environmental,1036696096,WASHINGTON UNIVERSITY IN ST. LOUIS,2020,public,"fastq,run.zq,sra","gs,ncbi,s3","gs.us-east1,ncbi.public,s3.us-east-1",SRX13816619,USA,North America,USA: St. Louis,Homo sapiens,Illumina NovaSeq 6000,Stool 16,38.6270 N 90.1994 W,Stool 16,PAIRED,RANDOM,METAGENOMIC,human gut metagenome,ILLUMINA,2022-05-01T00:00:00Z,2022-01-17T19:30:00Z,1,63148,SRP355475
SRR17648439,WGS,242,3792771320,PRJNA798058,SAMN25046607,Metagenome or environmental,1391597391,WASHINGTON UNIVERSITY IN ST. LOUIS,2019,public,"fastq,run.zq,sra","gs,ncbi,s3","gs.us-east1,ncbi.public,s3.us-east-1",SRX13816618,USA,North America,USA: St. Louis,Homo sapiens,Illumina NovaSeq 6000,Stool 15,38.6270 N 90.1994 W,Stool 15,PAIRED,RANDOM,METAGENOMIC,human gut metagenome,ILLUMINA,2022-05-01T00:00:00Z,2022-01-17T20:00:00Z,1,63059,SRP355475
SRR17648440,WGS,259,9258260187,PRJNA798058,SAMN25046606,Metagenome or environmental,3174764786,WASHINGTON UNIVERSITY IN ST. LOUIS,2020,public,"fastq,run.zq,sra","gs,ncbi,s3","gs.us-east1,ncbi.public,s3.us-east-1",SRX13816617,USA,North America,USA: St. Louis,Homo sapiens,Illumina NovaSeq 6000,Stool 14,38.6270 N 90.1994 W,Stool 14,PAIRED,RANDOM,METAGENOMIC,human gut metagenome,ILLUMINA,2022-05-01T00:00:00Z,2022-01-17T19:47:00Z,1,63041,SRP355475
SRR17648441,WGS,246,1988088952,PRJNA798058,SAMN25046605,Metagenome or environmental,750726485,WASHINGTON UNIVERSITY IN ST. LOUIS,2020,public,"fastq,run.zq,sra","gs,ncbi,s3","gs.us-east1,ncbi.public,s3.us-east-1",SRX13816616,USA,North America,USA: St. Louis,Homo sapiens,Illumina NovaSeq 6000,Stool 13,38.6270 N 90.1994 W,Stool 13,PAIRED,RANDOM,METAGENOMIC,human gut metagenome,ILLUMINA,2022-05-01T00:00:00Z,2022-01-17T19:21:00Z,1,63032,SRP355475
SRR17648442,WGS,267,3207593083,PRJNA798058,SAMN25046604,Metagenome or environmental,1307317968,WASHINGTON UNIVERSITY IN ST. LOUIS,2020,public,"fastq,run.zq,sra","gs,ncbi,s3","gs.us-east1,ncbi.public,s3.us-east-1",SRX13816615,USA,North America,USA: St. Louis,Homo sapiens,Illumina NovaSeq 6000,Stool 12,38.6270 N 90.1994 W,Stool 12,PAIRED,RANDOM,METAGENOMIC,human gut metagenome,ILLUMINA,2022-05-01T00:00:00Z,2022-01-17T19:29:00Z,1,62998,SRP355475
SRR17648443,WGS,235,3051987909,PRJNA798058,SAMN25046603,Metagenome or environmental,1124848346,WASHINGTON UNIVERSITY IN ST. LOUIS,2020,public,"fastq,run.zq,sra","gs,ncbi,s3","gs.us-east1,ncbi.public,s3.us-east-1",SRX13816614,USA,North America,USA: St. Louis,Homo sapiens,Illumina NovaSeq 6000,Stool 11,38.6270 N 90.1994 W,Stool 11,PAIRED,RANDOM,METAGENOMIC,human gut metagenome,ILLUMINA,2022-05-01T00:00:00Z,2022-01-17T19:38:00Z,1,62901,SRP355475
SRR17648444,WGS,231,3317508098,PRJNA798058,SAMN25046594,Metagenome or environmental,1218368331,WASHINGTON UNIVERSITY IN ST. LOUIS,2020,public,"fastq,run.zq,sra","gs,ncbi,s3","gs.us-east1,ncbi.public,s3.us-east-1",SRX13816613,USA,North America,USA: St. Louis,Homo sapiens,Illumina NovaSeq 6000,Stool 2,38.6270 N 90.1994 W,Stool 2,PAIRED,RANDOM,METAGENOMIC,human gut metagenome,ILLUMINA,2022-05-01T00:00:00Z,2022-01-17T19:33:00Z,1,16644,SRP355475
SRR17648445,WGS,223,1708881628,PRJNA798058,SAMN25046593,Metagenome or environmental,677756977,WASHINGTON UNIVERSITY IN ST. LOUIS,2020,public,"fastq,run.zq,sra","gs,ncbi,s3","gs.us-east1,ncbi.public,s3.us-east-1",SRX13816612,USA,North America,USA: St. Louis,Homo sapiens,Illumina NovaSeq 6000,Stool 1,38.6270 N 90.1994 W,Stool 1,PAIRED,RANDOM,METAGENOMIC,human gut metagenome,ILLUMINA,2022-05-01T00:00:00Z,2022-01-17T19:27:00Z,1,11680,SRP355475
SRR20677850,WGS,285,6464903995,PRJNA798058,SAMN30004274,Metagenome or environmental,2151514439,WASHINGTON UNIVERSITY IN ST. LOUIS,2021,public,"fastq,run.zq,sra","gs,ncbi,s3","gs.us-east1,ncbi.public,s3.us-east-1",SRX16699764,USA,North America,USA: St. Louis,Homo sapiens,Illumina NovaSeq 6000,Stool 149,38.6270 N 90.1994 W,Stool 149,PAIRED,RANDOM,METAGENOMIC,human gut metagenome,ILLUMINA,2022-12-31T00:00:00Z,2022-07-27T18:01:00Z,1,68597,SRP355475
SRR20677851,WGS,230,5979007774,PRJNA798058,SAMN30004273,Metagenome or environmental,2027377627,WASHINGTON UNIVERSITY IN ST. LOUIS,2020,public,"fastq,run.zq,sra","gs,ncbi,s3","gs.us-east1,ncbi.public,s3.us-east-1",SRX16699763,USA,North America,USA: St. Louis,Homo sapiens,Illumina NovaSeq 6000,Stool 148,38.6270 N 90.1994 W,Stool 148,PAIRED,RANDOM,METAGENOMIC,human gut metagenome,ILLUMINA,2022-12-31T00:00:00Z,2022-07-27T18:15:00Z,1,68587,SRP355475
SRR20677852,WGS,210,4284947807,PRJNA798058,SAMN30004272,Metagenome or environmental,1424960276,WASHINGTON UNIVERSITY IN ST. LOUIS,2020,public,"fastq,run.zq,sra","gs,ncbi,s3","gs.us-east1,ncbi.public,s3.us-east-1",SRX16699762,USA,North America,USA: St. Louis,Homo sapiens,Illumina NovaSeq 6000,Stool 147,38.6270 N 90.1994 W,Stool 147,PAIRED,RANDOM,METAGENOMIC,human gut metagenome,ILLUMINA,2022-12-31T00:00:00Z,2022-07-27T18:02:00Z,1,68557,SRP355475
SRR20677853,WGS,261,7543518061,PRJNA798058,SAMN30004271,Metagenome or environmental,2620519983,WASHINGTON UNIVERSITY IN ST. LOUIS,2021,public,"fastq,run.zq,sra","gs,ncbi,s3","gs.us-east1,ncbi.public,s3.us-east-1",SRX16699761,USA,North America,USA: St. Louis,Homo sapiens,Illumina NovaSeq 6000,Stool 146,38.6270 N 90.1994 W,Stool 146,PAIRED,RANDOM,METAGENOMIC,human gut metagenome,ILLUMINA,2022-12-31T00:00:00Z,2022-07-27T18:44:00Z,1,68486,SRP355475
SRR20677854,WGS,273,6628852596,PRJNA798058,SAMN30004270,Metagenome or environmental,2245311246,WASHINGTON UNIVERSITY IN ST. LOUIS,2021,public,"fastq,run.zq,sra","gs,ncbi,s3","gs.us-east1,ncbi.public,s3.us-east-1",SRX16699760,USA,North America,USA: St. Louis,Homo sapiens,Illumina NovaSeq 6000,Stool 145,38.6270 N 90.1994 W,Stool 145,PAIRED,RANDOM,METAGENOMIC,human gut metagenome,ILLUMINA,2022-12-31T00:00:00Z,2022-07-27T18:06:00Z,1,68379,SRP355475
SRR20677855,WGS,262,6914465328,PRJNA798058,SAMN30004269,Metagenome or environmental,2321483527,WASHINGTON UNIVERSITY IN ST. LOUIS,2021,public,"fastq,run.zq,sra","gs,ncbi,s3","gs.us-east1,ncbi.public,s3.us-east-1",SRX16699759,USA,North America,USA: St. Louis,Homo sapiens,Illumina NovaSeq 6000,Stool 144,38.6270 N 90.1994 W,Stool 144,PAIRED,RANDOM,METAGENOMIC,human gut metagenome,ILLUMINA,2022-12-31T00:00:00Z,2022-07-27T18:06:00Z,1,68378,SRP355475
SRR20677856,WGS,264,6219830384,PRJNA798058,SAMN30004224,Metagenome or environmental,2096758813,WASHINGTON UNIVERSITY IN ST. LOUIS,2021,public,"fastq,run.zq,sra","gs,ncbi,s3","gs.us-east1,ncbi.public,s3.us-east-1",SRX16699758,USA,North America,USA: St. Louis,Homo sapiens,Illumina NovaSeq 6000,Stool 99,38.6270 N 90.1994 W,Stool 99,PAIRED,RANDOM,METAGENOMIC,human gut metagenome,ILLUMINA,2022-12-31T00:00:00Z,2022-07-27T18:05:00Z,1,62587,SRP355475
SRR20677857,WGS,266,5502707507,PRJNA798058,SAMN30004268,Metagenome or environmental,1836491438,WASHINGTON UNIVERSITY IN ST. LOUIS,2021,public,"fastq,run.zq,sra","gs,ncbi,s3","gs.us-east1,ncbi.public,s3.us-east-1",SRX16699757,USA,North America,USA: St. Louis,Homo sapiens,Illumina NovaSeq 6000,Stool 143,38.6270 N 90.1994 W,Stool 143,PAIRED,RANDOM,METAGENOMIC,human gut metagenome,ILLUMINA,2022-12-31T00:00:00Z,2022-07-27T18:29:00Z,1,68276,SRP355475
SRR20677858,WGS,220,5207134930,PRJNA798058,SAMN30004267,Metagenome or environmental,1726778919,WASHINGTON UNIVERSITY IN ST. LOUIS,2020,public,"fastq,run.zq,sra","gs,ncbi,s3","gs.us-east1,ncbi.public,s3.us-east-1",SRX16699756,USA,North America,USA: St. Louis,Homo sapiens,Illumina NovaSeq 6000,Stool 142,38.6270 N 90.1994 W,Stool 142,PAIRED,RANDOM,METAGENOMIC,human gut metagenome,ILLUMINA,2022-12-31T00:00:00Z,2022-07-27T18:03:00Z,1,68250,SRP355475
SRR20677859,WGS,220,5075102969,PRJNA798058,SAMN30004266,Metagenome or environmental,1846175376,WASHINGTON UNIVERSITY IN ST. LOUIS,2020,public,"fastq,run.zq,sra","gs,ncbi,s3","gs.us-east1,ncbi.public,s3.us-east-1",SRX16699755,USA,North America,USA: St. Louis,Homo sapiens,Illumina NovaSeq 6000,Stool 141,38.6270 N 90.1994 W,Stool 141,PAIRED,RANDOM,METAGENOMIC,human gut metagenome,ILLUMINA,2022-12-31T00:00:00Z,2022-07-27T18:08:00Z,1,68229,SRP355475
SRR20677860,WGS,215,5250766778,PRJNA798058,SAMN30004265,Metagenome or environmental,1813057865,WASHINGTON UNIVERSITY IN ST. LOUIS,2020,public,"fastq,run.zq,sra","gs,ncbi,s3","gs.us-east1,ncbi.public,s3.us-east-1",SRX16699754,USA,North America,USA: St. Louis,Homo sapiens,Illumina NovaSeq 6000,Stool 140,38.6270 N 90.1994 W,Stool 140,PAIRED,RANDOM,METAGENOMIC,human gut metagenome,ILLUMINA,2022-12-31T00:00:00Z,2022-07-27T18:02:00Z,1,68155,SRP355475
SRR20677861,WGS,221,5041120630,PRJNA798058,SAMN30004264,Metagenome or environmental,1690295729,WASHINGTON UNIVERSITY IN ST. LOUIS,2020,public,"fastq,run.zq,sra","gs,ncbi,s3","gs.us-east1,ncbi.public,s3.us-east-1",SRX16699753,USA,North America,USA: St. Louis,Homo sapiens,Illumina NovaSeq 6000,Stool 139,38.6270 N 90.1994 W,Stool 139,PAIRED,RANDOM,METAGENOMIC,human gut metagenome,ILLUMINA,2022-12-31T00:00:00Z,2022-07-27T18:06:00Z,1,68147,SRP355475
SRR20677862,WGS,222,5635424166,PRJNA798058,SAMN30004263,Metagenome or environmental,1879219824,WASHINGTON UNIVERSITY IN ST. LOUIS,2020,public,"fastq,run.zq,sra","gs,ncbi,s3","gs.us-east1,ncbi.public,s3.us-east-1",SRX16699752,USA,North America,USA: St. Louis,Homo sapiens,Illumina NovaSeq 6000,Stool 138,38.6270 N 90.1994 W,Stool 138,PAIRED,RANDOM,METAGENOMIC,human gut metagenome,ILLUMINA,2022-12-31T00:00:00Z,2022-07-27T18:08:00Z,1,68077,SRP355475
SRR20677863,WGS,236,6692489599,PRJNA798058,SAMN30004262,Metagenome or environmental,2244099350,WASHINGTON UNIVERSITY IN ST. LOUIS,2020,public,"fastq,run.zq,sra","gs,ncbi,s3","gs.us-east1,ncbi.public,s3.us-east-1",SRX16699751,USA,North America,USA: St. Louis,Homo sapiens,Illumina NovaSeq 6000,Stool 137,38.6270 N 90.1994 W,Stool 137,PAIRED,RANDOM,METAGENOMIC,human gut metagenome,ILLUMINA,2022-12-31T00:00:00Z,2022-07-27T18:38:00Z,1,68007,SRP355475
SRR20677864,WGS,271,5423175949,PRJNA798058,SAMN30004261,Metagenome or environmental,1839912754,WASHINGTON UNIVERSITY IN ST. LOUIS,2021,public,"fastq,run.zq,sra","gs,ncbi,s3","gs.us-east1,ncbi.public,s3.us-east-1",SRX16699750,USA,North America,USA: St. Louis,Homo sapiens,Illumina NovaSeq 6000,Stool 136,38.6270 N 90.1994 W,Stool 136,PAIRED,RANDOM,METAGENOMIC,human gut metagenome,ILLUMINA,2022-12-31T00:00:00Z,2022-07-27T18:02:00Z,1,67398,SRP355475
SRR20677865,WGS,263,7983069260,PRJNA798058,SAMN30004260,Metagenome or environmental,2658212089,WASHINGTON UNIVERSITY IN ST. LOUIS,2021,public,"fastq,run.zq,sra","gs,ncbi,s3","gs.us-east1,ncbi.public,s3.us-east-1",SRX16699749,USA,North America,USA: St. Louis,Homo sapiens,Illumina NovaSeq 6000,Stool 135,38.6270 N 90.1994 W,Stool 135,PAIRED,RANDOM,METAGENOMIC,human gut metagenome,ILLUMINA,2022-12-31T00:00:00Z,2022-07-27T19:32:00Z,1,67359,SRP355475
SRR20677866,WGS,235,3044201790,PRJNA798058,SAMN30004259,Metagenome or environmental,1125150126,WASHINGTON UNIVERSITY IN ST. LOUIS,2020,public,"fastq,run.zq,sra","gs,ncbi,s3","gs.us-east1,ncbi.public,s3.us-east-1",SRX16699748,USA,North America,USA: St. Louis,Homo sapiens,Illumina NovaSeq 6000,Stool 134,38.6270 N 90.1994 W,Stool 134,PAIRED,RANDOM,METAGENOMIC,human gut metagenome,ILLUMINA,2022-12-31T00:00:00Z,2022-07-27T17:58:00Z,1,67352,SRP355475
SRR20677867,WGS,246,3923948762,PRJNA798058,SAMN30004223,Metagenome or environmental,1305149333,WASHINGTON UNIVERSITY IN ST. LOUIS,2020,public,"fastq,run.zq,sra","gs,ncbi,s3","gs.us-east1,ncbi.public,s3.us-east-1",SRX16699747,USA,North America,USA: St. Louis,Homo sapiens,Illumina NovaSeq 6000,Stool 98,38.6270 N 90.1994 W,Stool 98,PAIRED,RANDOM,METAGENOMIC,human gut metagenome,ILLUMINA,2022-12-31T00:00:00Z,2022-07-27T18:00:00Z,1,62483,SRP355475
SRR20677868,WGS,235,6059240166,PRJNA798058,SAMN30004258,Metagenome or environmental,2125959969,WASHINGTON UNIVERSITY IN ST. LOUIS,2020,public,"fastq,run.zq,sra","gs,ncbi,s3","gs.us-east1,ncbi.public,s3.us-east-1",SRX16699746,USA,North America,USA: St. Louis,Homo sapiens,Illumina NovaSeq 6000,Stool 133,38.6270 N 90.1994 W,Stool 133,PAIRED,RANDOM,METAGENOMIC,human gut metagenome,ILLUMINA,2022-12-31T00:00:00Z,2022-07-27T18:09:00Z,1,67216,SRP355475
SRR20677869,WGS,227,4799347365,PRJNA798058,SAMN30004257,Metagenome or environmental,1593173576,WASHINGTON UNIVERSITY IN ST. LOUIS,2020,public,"fastq,run.zq,sra","gs,ncbi,s3","gs.us-east1,ncbi.public,s3.us-east-1",SRX16699745,USA,North America,USA: St. Louis,Homo sapiens,Illumina NovaSeq 6000,Stool 132,38.6270 N 90.1994 W,Stool 132,PAIRED,RANDOM,METAGENOMIC,human gut metagenome,ILLUMINA,2022-12-31T00:00:00Z,2022-07-27T18:00:00Z,1,67189,SRP355475
SRR20677870,WGS,269,5208200461,PRJNA798058,SAMN30004256,Metagenome or environmental,1739789933,WASHINGTON UNIVERSITY IN ST. LOUIS,2021,public,"fastq,run.zq,sra","gs,ncbi,s3","gs.us-east1,ncbi.public,s3.us-east-1",SRX16699744,USA,North America,USA: St. Louis,Homo sapiens,Illumina NovaSeq 6000,Stool 131,38.6270 N 90.1994 W,Stool 131,PAIRED,RANDOM,METAGENOMIC,human gut metagenome,ILLUMINA,2022-12-31T00:00:00Z,2022-07-27T18:02:00Z,1,67034,SRP355475
SRR20677871,WGS,272,9373071135,PRJNA798058,SAMN30004255,Metagenome or environmental,3161112958,WASHINGTON UNIVERSITY IN ST. LOUIS,2021,public,"fastq,run.zq,sra","gs,ncbi,s3","gs.us-east1,ncbi.public,s3.us-east-1",SRX16699743,USA,North America,USA: St. Louis,Homo sapiens,Illumina NovaSeq 6000,Stool 130,38.6270 N 90.1994 W,Stool 130,PAIRED,RANDOM,METAGENOMIC,human gut metagenome,ILLUMINA,2022-12-31T00:00:00Z,2022-07-27T19:00:00Z,1,67024,SRP355475
SRR20677872,WGS,246,5613233704,PRJNA798058,SAMN30004254,Metagenome or environmental,1901750298,WASHINGTON UNIVERSITY IN ST. LOUIS,2020,public,"fastq,run.zq,sra","gs,ncbi,s3","gs.us-east1,ncbi.public,s3.us-east-1",SRX16699742,USA,North America,USA: St. Louis,Homo sapiens,Illumina NovaSeq 6000,Stool 129,38.6270 N 90.1994 W,Stool 129,PAIRED,RANDOM,METAGENOMIC,human gut metagenome,ILLUMINA,2022-12-31T00:00:00Z,2022-07-27T18:39:00Z,1,66598,SRP355475
SRR20677873,WGS,270,5569941711,PRJNA798058,SAMN30004253,Metagenome or environmental,1935180141,WASHINGTON UNIVERSITY IN ST. LOUIS,2021,public,"fastq,run.zq,sra","gs,ncbi,s3","gs.us-east1,ncbi.public,s3.us-east-1",SRX16699741,USA,North America,USA: St. Louis,Homo sapiens,Illumina NovaSeq 6000,Stool 128,38.6270 N 90.1994 W,Stool 128,PAIRED,RANDOM,METAGENOMIC,human gut metagenome,ILLUMINA,2022-12-31T00:00:00Z,2022-07-27T18:35:00Z,1,66534,SRP355475
SRR20677874,WGS,263,5596676251,PRJNA798058,SAMN30004252,Metagenome or environmental,1861275179,WASHINGTON UNIVERSITY IN ST. LOUIS,2021,public,"fastq,run.zq,sra","gs,ncbi,s3","gs.us-east1,ncbi.public,s3.us-east-1",SRX16699740,USA,North America,USA: St. Louis,Homo sapiens,Illumina NovaSeq 6000,Stool 127,38.6270 N 90.1994 W,Stool 127,PAIRED,RANDOM,METAGENOMIC,human gut metagenome,ILLUMINA,2022-12-31T00:00:00Z,2022-07-27T18:38:00Z,1,66197,SRP355475
SRR20677875,WGS,212,4857686736,PRJNA798058,SAMN30004251,Metagenome or environmental,1613286930,WASHINGTON UNIVERSITY IN ST. LOUIS,2020,public,"fastq,run.zq,sra","gs,ncbi,s3","gs.us-east1,ncbi.public,s3.us-east-1",SRX16699739,USA,North America,USA: St. Louis,Homo sapiens,Illumina NovaSeq 6000,Stool 126,38.6270 N 90.1994 W,Stool 126,PAIRED,RANDOM,METAGENOMIC,human gut metagenome,ILLUMINA,2022-12-31T00:00:00Z,2022-07-27T18:48:00Z,1,65953,SRP355475
SRR20677876,WGS,241,6365082846,PRJNA798058,SAMN30004250,Metagenome or environmental,2134444259,WASHINGTON UNIVERSITY IN ST. LOUIS,2020,public,"fastq,run.zq,sra","gs,ncbi,s3","gs.us-east1,ncbi.public,s3.us-east-1",SRX16699738,USA,North America,USA: St. Louis,Homo sapiens,Illumina NovaSeq 6000,Stool 125,38.6270 N 90.1994 W,Stool 125,PAIRED,RANDOM,METAGENOMIC,human gut metagenome,ILLUMINA,2022-12-31T00:00:00Z,2022-07-27T18:07:00Z,1,65925,SRP355475
SRR20677877,WGS,229,4943527172,PRJNA798058,SAMN30004228,Metagenome or environmental,1654327136,WASHINGTON UNIVERSITY IN ST. LOUIS,2020,public,"fastq,run.zq,sra","gs,ncbi,s3","gs.us-east1,ncbi.public,s3.us-east-1",SRX16699737,USA,North America,USA: St. Louis,Homo sapiens,Illumina NovaSeq 6000,Stool 103,38.6270 N 90.1994 W,Stool 103,PAIRED,RANDOM,METAGENOMIC,human gut metagenome,ILLUMINA,2022-12-31T00:00:00Z,2022-07-27T18:02:00Z,1,63303,SRP355475
SRR20677878,WGS,260,4990556898,PRJNA798058,SAMN30004249,Metagenome or environmental,1655995305,WASHINGTON UNIVERSITY IN ST. LOUIS,2020,public,"fastq,run.zq,sra","gs,ncbi,s3","gs.us-east1,ncbi.public,s3.us-east-1",SRX16699719,USA,North America,USA: St. Louis,Homo sapiens,Illumina NovaSeq 6000,Stool 124,38.6270 N 90.1994 W,Stool 124,PAIRED,RANDOM,METAGENOMIC,human gut metagenome,ILLUMINA,2022-12-31T00:00:00Z,2022-07-27T18:35:00Z,1,65272,SRP355475
SRR20677879,WGS,207,4376327754,PRJNA798058,SAMN30004227,Metagenome or environmental,1457194129,WASHINGTON UNIVERSITY IN ST. LOUIS,2020,public,"fastq,run.zq,sra","gs,ncbi,s3","gs.us-east1,ncbi.public,s3.us-east-1",SRX16699736,USA,North America,USA: St. Louis,Homo sapiens,Illumina NovaSeq 6000,Stool 102,38.6270 N 90.1994 W,Stool 102,PAIRED,RANDOM,METAGENOMIC,human gut metagenome,ILLUMINA,2022-12-31T00:00:00Z,2022-07-27T18:02:00Z,1,63280,SRP355475
SRR20677880,WGS,257,2495095139,PRJNA798058,SAMN30004289,Metagenome or environmental,831116433,WASHINGTON UNIVERSITY IN ST. LOUIS,2021,public,"fastq,run.zq,sra","gs,ncbi,s3","gs.us-east1,ncbi.public,s3.us-east-1",SRX16699735,USA,North America,USA: St. Louis,Homo sapiens,Illumina NovaSeq 6000,Stool 164,38.6270 N 90.1994 W,Stool 164,PAIRED,RANDOM,METAGENOMIC,human gut metagenome,ILLUMINA,2022-12-31T00:00:00Z,2022-07-27T17:58:00Z,1,86403,SRP355475
SRR20677881,WGS,268,6518447338,PRJNA798058,SAMN30004226,Metagenome or environmental,2178059916,WASHINGTON UNIVERSITY IN ST. LOUIS,2021,public,"fastq,run.zq,sra","gs,ncbi,s3","gs.us-east1,ncbi.public,s3.us-east-1",SRX16699734,USA,North America,USA: St. Louis,Homo sapiens,Illumina NovaSeq 6000,Stool 101,38.6270 N 90.1994 W,Stool 101,PAIRED,RANDOM,METAGENOMIC,human gut metagenome,ILLUMINA,2022-12-31T00:00:00Z,2022-07-27T18:04:00Z,1,62992,SRP355475
SRR20677882,WGS,233,3488419725,PRJNA798058,SAMN30004288,Metagenome or environmental,1166938889,WASHINGTON UNIVERSITY IN ST. LOUIS,2020,public,"fastq,run.zq,sra","gs,ncbi,s3","gs.us-east1,ncbi.public,s3.us-east-1",SRX16699733,USA,North America,USA: St. Louis,Homo sapiens,Illumina NovaSeq 6000,Stool 163,38.6270 N 90.1994 W,Stool 163,PAIRED,RANDOM,METAGENOMIC,human gut metagenome,ILLUMINA,2022-12-31T00:00:00Z,2022-07-27T17:58:00Z,1,69158,SRP355475
SRR20677883,WGS,258,6263362370,PRJNA798058,SAMN30004287,Metagenome or environmental,2175499942,WASHINGTON UNIVERSITY IN ST. LOUIS,2021,public,"fastq,run.zq,sra","gs,ncbi,s3","gs.us-east1,ncbi.public,s3.us-east-1",SRX16699732,USA,North America,USA: St. Louis,Homo sapiens,Illumina NovaSeq 6000,Stool 162,38.6270 N 90.1994 W,Stool 162,PAIRED,RANDOM,METAGENOMIC,human gut metagenome,ILLUMINA,2022-12-31T00:00:00Z,2022-07-27T18:10:00Z,1,68993,SRP355475
SRR20677884,WGS,276,1286564308,PRJNA798058,SAMN30004286,Metagenome or environmental,437260884,WASHINGTON UNIVERSITY IN ST. LOUIS,2021,public,"fastq,run.zq,sra","gs,ncbi,s3","gs.us-east1,ncbi.public,s3.us-east-1",SRX16699731,USA,North America,USA: St. Louis,Homo sapiens,Illumina NovaSeq 6000,Stool 161,38.6270 N 90.1994 W,Stool 161,PAIRED,RANDOM,METAGENOMIC,human gut metagenome,ILLUMINA,2022-12-31T00:00:00Z,2022-07-27T17:55:00Z,1,68992,SRP355475
SRR20677885,WGS,227,6276488595,PRJNA798058,SAMN30004285,Metagenome or environmental,2109286990,WASHINGTON UNIVERSITY IN ST. LOUIS,2020,public,"fastq,run.zq,sra","gs,ncbi,s3","gs.us-east1,ncbi.public,s3.us-east-1",SRX16699730,USA,North America,USA: St. Louis,Homo sapiens,Illumina NovaSeq 6000,Stool 160,38.6270 N 90.1994 W,Stool 160,PAIRED,RANDOM,METAGENOMIC,human gut metagenome,ILLUMINA,2022-12-31T00:00:00Z,2022-07-27T18:07:00Z,1,68858,SRP355475
SRR20677886,WGS,232,5792111729,PRJNA798058,SAMN30004284,Metagenome or environmental,2077054758,WASHINGTON UNIVERSITY IN ST. LOUIS,2020,public,"fastq,run.zq,sra","gs,ncbi,s3","gs.us-east1,ncbi.public,s3.us-east-1",SRX16699729,USA,North America,USA: St. Louis,Homo sapiens,Illumina NovaSeq 6000,Stool 159,38.6270 N 90.1994 W,Stool 159,PAIRED,RANDOM,METAGENOMIC,human gut metagenome,ILLUMINA,2022-12-31T00:00:00Z,2022-07-27T18:04:00Z,1,68818,SRP355475
SRR20677887,WGS,241,5418134948,PRJNA798058,SAMN30004283,Metagenome or environmental,1877216828,WASHINGTON UNIVERSITY IN ST. LOUIS,2020,public,"fastq,run.zq,sra","gs,ncbi,s3","gs.us-east1,ncbi.public,s3.us-east-1",SRX16699728,USA,North America,USA: St. Louis,Homo sapiens,Illumina NovaSeq 6000,Stool 158,38.6270 N 90.1994 W,Stool 158,PAIRED,RANDOM,METAGENOMIC,human gut metagenome,ILLUMINA,2022-12-31T00:00:00Z,2022-07-27T18:03:00Z,1,68806,SRP355475
SRR20677888,WGS,206,4244738878,PRJNA798058,SAMN30004282,Metagenome or environmental,1407228630,WASHINGTON UNIVERSITY IN ST. LOUIS,2020,public,"fastq,run.zq,sra","gs,ncbi,s3","gs.us-east1,ncbi.public,s3.us-east-1",SRX16699727,USA,North America,USA: St. Louis,Homo sapiens,Illumina NovaSeq 6000,Stool 157,38.6270 N 90.1994 W,Stool 157,PAIRED,RANDOM,METAGENOMIC,human gut metagenome,ILLUMINA,2022-12-31T00:00:00Z,2022-07-27T17:58:00Z,1,68797,SRP355475
SRR20677889,WGS,251,6696178016,PRJNA798058,SAMN30004281,Metagenome or environmental,2304523581,WASHINGTON UNIVERSITY IN ST. LOUIS,2020,public,"fastq,run.zq,sra","gs,ncbi,s3","gs.us-east1,ncbi.public,s3.us-east-1",SRX16699726,USA,North America,USA: St. Louis,Homo sapiens,Illumina NovaSeq 6000,Stool 156,38.6270 N 90.1994 W,Stool 156,PAIRED,RANDOM,METAGENOMIC,human gut metagenome,ILLUMINA,2022-12-31T00:00:00Z,2022-07-27T18:03:00Z,1,68780,SRP355475
SRR20677890,WGS,258,6089076208,PRJNA798058,SAMN30004280,Metagenome or environmental,2052965558,WASHINGTON UNIVERSITY IN ST. LOUIS,2020,public,"fastq,run.zq,sra","gs,ncbi,s3","gs.us-east1,ncbi.public,s3.us-east-1",SRX16699725,USA,North America,USA: St. Louis,Homo sapiens,Illumina NovaSeq 6000,Stool 155,38.6270 N 90.1994 W,Stool 155,PAIRED,RANDOM,METAGENOMIC,human gut metagenome,ILLUMINA,2022-12-31T00:00:00Z,2022-07-27T18:07:00Z,1,68773,SRP355475
SRR20677891,WGS,237,4999036844,PRJNA798058,SAMN30004279,Metagenome or environmental,1679789551,WASHINGTON UNIVERSITY IN ST. LOUIS,2021,public,"fastq,run.zq,sra","gs,ncbi,s3","gs.us-east1,ncbi.public,s3.us-east-1",SRX16699724,USA,North America,USA: St. Louis,Homo sapiens,Illumina NovaSeq 6000,Stool 154,38.6270 N 90.1994 W,Stool 154,PAIRED,RANDOM,METAGENOMIC,human gut metagenome,ILLUMINA,2022-12-31T00:00:00Z,2022-07-27T18:23:00Z,1,68740,SRP355475
SRR20677892,WGS,254,5452241357,PRJNA798058,SAMN30004225,Metagenome or environmental,1813231588,WASHINGTON UNIVERSITY IN ST. LOUIS,2021,public,"fastq,run.zq,sra","gs,ncbi,s3","gs.us-east1,ncbi.public,s3.us-east-1",SRX16699723,USA,North America,USA: St. Louis,Homo sapiens,Illumina NovaSeq 6000,Stool 100,38.6270 N 90.1994 W,Stool 100,PAIRED,RANDOM,METAGENOMIC,human gut metagenome,ILLUMINA,2022-12-31T00:00:00Z,2022-07-27T18:03:00Z,1,62703,SRP355475
SRR20677893,WGS,250,4909339935,PRJNA798058,SAMN30004278,Metagenome or environmental,1691332923,WASHINGTON UNIVERSITY IN ST. LOUIS,2020,public,"fastq,run.zq,sra","gs,ncbi,s3","gs.us-east1,ncbi.public,s3.us-east-1",SRX16699722,USA,North America,USA: St. Louis,Homo sapiens,Illumina NovaSeq 6000,Stool 153,38.6270 N 90.1994 W,Stool 153,PAIRED,RANDOM,METAGENOMIC,human gut metagenome,ILLUMINA,2022-12-31T00:00:00Z,2022-07-27T18:03:00Z,1,68721,SRP355475
SRR20677894,WGS,209,4875464919,PRJNA798058,SAMN30004277,Metagenome or environmental,1607903914,WASHINGTON UNIVERSITY IN ST. LOUIS,2020,public,"fastq,run.zq,sra","gs,ncbi,s3","gs.us-east1,ncbi.public,s3.us-east-1",SRX16699721,USA,North America,USA: St. Louis,Homo sapiens,Illumina NovaSeq 6000,Stool 152,38.6270 N 90.1994 W,Stool 152,PAIRED,RANDOM,METAGENOMIC,human gut metagenome,ILLUMINA,2022-12-31T00:00:00Z,2022-07-27T18:03:00Z,1,68681,SRP355475
SRR20677895,WGS,230,5612213932,PRJNA798058,SAMN30004276,Metagenome or environmental,1917741709,WASHINGTON UNIVERSITY IN ST. LOUIS,2020,public,"fastq,run.zq,sra","gs,ncbi,s3","gs.us-east1,ncbi.public,s3.us-east-1",SRX16699720,USA,North America,USA: St. Louis,Homo sapiens,Illumina NovaSeq 6000,Stool 151,38.6270 N 90.1994 W,Stool 151,PAIRED,RANDOM,METAGENOMIC,human gut metagenome,ILLUMINA,2022-12-31T00:00:00Z,2022-07-27T18:42:00Z,1,68678,SRP355475
SRR20677896,WGS,216,5576714152,PRJNA798058,SAMN30004275,Metagenome or environmental,1865303348,WASHINGTON UNIVERSITY IN ST. LOUIS,2020,public,"fastq,run.zq,sra","gs,ncbi,s3","gs.us-east1,ncbi.public,s3.us-east-1",SRX16699765,USA,North America,USA: St. Louis,Homo sapiens,Illumina NovaSeq 6000,Stool 150,38.6270 N 90.1994 W,Stool 150,PAIRED,RANDOM,METAGENOMIC,human gut metagenome,ILLUMINA,2022-12-31T00:00:00Z,2022-07-27T18:05:00Z,1,68602,SRP355475
SRR20677897,WGS,238,3731762308,PRJNA798058,SAMN30004222,Metagenome or environmental,1248822844,WASHINGTON UNIVERSITY IN ST. LOUIS,2020,public,"fastq,run.zq,sra","gs,ncbi,s3","gs.us-east1,ncbi.public,s3.us-east-1",SRX16699718,USA,North America,USA: St. Louis,Homo sapiens,Illumina NovaSeq 6000,Stool 97,38.6270 N 90.1994 W,Stool 97,PAIRED,RANDOM,METAGENOMIC,human gut metagenome,ILLUMINA,2022-12-31T00:00:00Z,2022-07-27T17:59:00Z,1,28940,SRP355475
SRR20677898,WGS,266,5611605108,PRJNA798058,SAMN30004248,Metagenome or environmental,1921088419,WASHINGTON UNIVERSITY IN ST. LOUIS,2021,public,"fastq,run.zq,sra","gs,ncbi,s3","gs.us-east1,ncbi.public,s3.us-east-1",SRX16699717,USA,North America,USA: St. Louis,Homo sapiens,Illumina NovaSeq 6000,Stool 123,38.6270 N 90.1994 W,Stool 123,PAIRED,RANDOM,METAGENOMIC,human gut metagenome,ILLUMINA,2022-12-31T00:00:00Z,2022-07-27T17:59:00Z,1,65195,SRP355475
SRR20677899,WGS,277,7383050641,PRJNA798058,SAMN30004247,Metagenome or environmental,2701701869,WASHINGTON UNIVERSITY IN ST. LOUIS,2021,public,"fastq,run.zq,sra","gs,ncbi,s3","gs.us-east1,ncbi.public,s3.us-east-1",SRX16699716,USA,North America,USA: St. Louis,Homo sapiens,Illumina NovaSeq 6000,Stool 122,38.6270 N 90.1994 W,Stool 122,PAIRED,RANDOM,METAGENOMIC,human gut metagenome,ILLUMINA,2022-12-31T00:00:00Z,2022-07-27T18:13:00Z,1,65173,SRP355475
SRR20677900,WGS,259,8714297302,PRJNA798058,SAMN30004246,Metagenome or environmental,2912793662,WASHINGTON UNIVERSITY IN ST. LOUIS,2021,public,"fastq,run.zq,sra","gs,ncbi,s3","gs.us-east1,ncbi.public,s3.us-east-1",SRX16699715,USA,North America,USA: St. Louis,Homo sapiens,Illumina NovaSeq 6000,Stool 121,38.6270 N 90.1994 W,Stool 121,PAIRED,RANDOM,METAGENOMIC,human gut metagenome,ILLUMINA,2022-12-31T00:00:00Z,2022-07-27T18:12:00Z,1,65166,SRP355475
SRR20677901,WGS,243,6225905480,PRJNA798058,SAMN30004245,Metagenome or environmental,2156544396,WASHINGTON UNIVERSITY IN ST. LOUIS,2020,public,"fastq,run.zq,sra","gs,ncbi,s3","gs.us-east1,ncbi.public,s3.us-east-1",SRX16699714,USA,North America,USA: St. Louis,Homo sapiens,Illumina NovaSeq 6000,Stool 120,38.6270 N 90.1994 W,Stool 120,PAIRED,RANDOM,METAGENOMIC,human gut metagenome,ILLUMINA,2022-12-31T00:00:00Z,2022-07-27T18:07:00Z,1,64921,SRP355475
SRR20677902,WGS,227,3933212926,PRJNA798058,SAMN30004244,Metagenome or environmental,1338324651,WASHINGTON UNIVERSITY IN ST. LOUIS,2021,public,"fastq,run.zq,sra","gs,ncbi,s3","gs.us-east1,ncbi.public,s3.us-east-1",SRX16699713,USA,North America,USA: St. Louis,Homo sapiens,Illumina NovaSeq 6000,Stool 119,38.6270 N 90.1994 W,Stool 119,PAIRED,RANDOM,METAGENOMIC,human gut metagenome,ILLUMINA,2022-12-31T00:00:00Z,2022-07-27T18:01:00Z,1,64786,SRP355475
SRR20677903,WGS,260,7000974765,PRJNA798058,SAMN30004243,Metagenome or environmental,2519558146,WASHINGTON UNIVERSITY IN ST. LOUIS,2021,public,"fastq,run.zq,sra","gs,ncbi,s3","gs.us-east1,ncbi.public,s3.us-east-1",SRX16699712,USA,North America,USA: St. Louis,Homo sapiens,Illumina NovaSeq 6000,Stool 118,38.6270 N 90.1994 W,Stool 118,PAIRED,RANDOM,METAGENOMIC,human gut metagenome,ILLUMINA,2022-12-31T00:00:00Z,2022-07-27T18:05:00Z,1,64715,SRP355475
SRR20677904,WGS,262,6058025133,PRJNA798058,SAMN30004242,Metagenome or environmental,2097607241,WASHINGTON UNIVERSITY IN ST. LOUIS,2020,public,"fastq,run.zq,sra","gs,ncbi,s3","gs.us-east1,ncbi.public,s3.us-east-1",SRX16699711,USA,North America,USA: St. Louis,Homo sapiens,Illumina NovaSeq 6000,Stool 117,38.6270 N 90.1994 W,Stool 117,PAIRED,RANDOM,METAGENOMIC,human gut metagenome,ILLUMINA,2022-12-31T00:00:00Z,2022-07-27T18:03:00Z,1,64712,SRP355475
SRR20677905,WGS,259,6322501929,PRJNA798058,SAMN30004241,Metagenome or environmental,2244283505,WASHINGTON UNIVERSITY IN ST. LOUIS,2020,public,"fastq,run.zq,sra","gs,ncbi,s3","gs.us-east1,ncbi.public,s3.us-east-1",SRX16699710,USA,North America,USA: St. Louis,Homo sapiens,Illumina NovaSeq 6000,Stool 116,38.6270 N 90.1994 W,Stool 116,PAIRED,RANDOM,METAGENOMIC,human gut metagenome,ILLUMINA,2022-12-31T00:00:00Z,2022-07-27T18:08:00Z,1,64555,SRP355475
SRR20677906,WGS,240,6556389846,PRJNA798058,SAMN30004240,Metagenome or environmental,2212093362,WASHINGTON UNIVERSITY IN ST. LOUIS,2020,public,"fastq,run.zq,sra","gs,ncbi,s3","gs.us-east1,ncbi.public,s3.us-east-1",SRX16699709,USA,North America,USA: St. Louis,Homo sapiens,Illumina NovaSeq 6000,Stool 115,38.6270 N 90.1994 W,Stool 115,PAIRED,RANDOM,METAGENOMIC,human gut metagenome,ILLUMINA,2022-12-31T00:00:00Z,2022-07-27T18:07:00Z,1,64541,SRP355475
SRR20677907,WGS,261,6202284861,PRJNA798058,SAMN30004239,Metagenome or environmental,2295208596,WASHINGTON UNIVERSITY IN ST. LOUIS,2021,public,"fastq,run.zq,sra","gs,ncbi,s3","gs.us-east1,ncbi.public,s3.us-east-1",SRX16699708,USA,North America,USA: St. Louis,Homo sapiens,Illumina NovaSeq 6000,Stool 114,38.6270 N 90.1994 W,Stool 114,PAIRED,RANDOM,METAGENOMIC,human gut metagenome,ILLUMINA,2022-12-31T00:00:00Z,2022-07-27T18:05:00Z,1,64312,SRP355475
SRR20677908,WGS,221,5729084404,PRJNA798058,SAMN30004221,Metagenome or environmental,2022846383,WASHINGTON UNIVERSITY IN ST. LOUIS,2021,public,"fastq,run.zq,sra","gs,ncbi,s3","gs.us-east1,ncbi.public,s3.us-east-1",SRX16699707,USA,North America,USA: St. Louis,Homo sapiens,Illumina NovaSeq 6000,Stool 96,38.6270 N 90.1994 W,Stool 96,PAIRED,RANDOM,METAGENOMIC,human gut metagenome,ILLUMINA,2022-12-31T00:00:00Z,2022-07-27T18:05:00Z,1,25632,SRP355475
SRR20677909,WGS,228,6737625912,PRJNA798058,SAMN30004238,Metagenome or environmental,2239281800,WASHINGTON UNIVERSITY IN ST. LOUIS,2020,public,"fastq,run.zq,sra","gs,ncbi,s3","gs.us-east1,ncbi.public,s3.us-east-1",SRX16699706,USA,North America,USA: St. Louis,Homo sapiens,Illumina NovaSeq 6000,Stool 113,38.6270 N 90.1994 W,Stool 113,PAIRED,RANDOM,METAGENOMIC,human gut metagenome,ILLUMINA,2022-12-31T00:00:00Z,2022-07-27T18:05:00Z,1,64303,SRP355475
SRR20677910,WGS,269,5483449777,PRJNA798058,SAMN30004237,Metagenome or environmental,1817613064,WASHINGTON UNIVERSITY IN ST. LOUIS,2021,public,"fastq,run.zq,sra","gs,ncbi,s3","gs.us-east1,ncbi.public,s3.us-east-1",SRX16699705,USA,North America,USA: St. Louis,Homo sapiens,Illumina NovaSeq 6000,Stool 112,38.6270 N 90.1994 W,Stool 112,PAIRED,RANDOM,METAGENOMIC,human gut metagenome,ILLUMINA,2022-12-31T00:00:00Z,2022-07-27T18:06:00Z,1,64300,SRP355475
SRR20677911,WGS,227,5819144867,PRJNA798058,SAMN30004236,Metagenome or environmental,1955934499,WASHINGTON UNIVERSITY IN ST. LOUIS,2020,public,"fastq,run.zq,sra","gs,ncbi,s3","gs.us-east1,ncbi.public,s3.us-east-1",SRX16699704,USA,North America,USA: St. Louis,Homo sapiens,Illumina NovaSeq 6000,Stool 111,38.6270 N 90.1994 W,Stool 111,PAIRED,RANDOM,METAGENOMIC,human gut metagenome,ILLUMINA,2022-12-31T00:00:00Z,2022-07-27T18:09:00Z,1,64142,SRP355475
SRR20677912,WGS,273,7347564603,PRJNA798058,SAMN30004235,Metagenome or environmental,2661483537,WASHINGTON UNIVERSITY IN ST. LOUIS,2021,public,"fastq,run.zq,sra","gs,ncbi,s3","gs.us-east1,ncbi.public,s3.us-east-1",SRX16699703,USA,North America,USA: St. Louis,Homo sapiens,Illumina NovaSeq 6000,Stool 110,38.6270 N 90.1994 W,Stool 110,PAIRED,RANDOM,METAGENOMIC,human gut metagenome,ILLUMINA,2022-12-31T00:00:00Z,2022-07-27T18:49:00Z,1,64130,SRP355475
SRR20677913,WGS,232,4778186425,PRJNA798058,SAMN30004234,Metagenome or environmental,1576400566,WASHINGTON UNIVERSITY IN ST. LOUIS,2021,public,"fastq,run.zq,sra","gs,ncbi,s3","gs.us-east1,ncbi.public,s3.us-east-1",SRX16699702,USA,North America,USA: St. Louis,Homo sapiens,Illumina NovaSeq 6000,Stool 109,38.6270 N 90.1994 W,Stool 109,PAIRED,RANDOM,METAGENOMIC,human gut metagenome,ILLUMINA,2022-12-31T00:00:00Z,2022-07-27T18:03:00Z,1,64123,SRP355475
SRR20677914,WGS,218,4358763486,PRJNA798058,SAMN30004233,Metagenome or environmental,1453627868,WASHINGTON UNIVERSITY IN ST. LOUIS,2020,public,"fastq,run.zq,sra","gs,ncbi,s3","gs.us-east1,ncbi.public,s3.us-east-1",SRX16699701,USA,North America,USA: St. Louis,Homo sapiens,Illumina NovaSeq 6000,Stool 108,38.6270 N 90.1994 W,Stool 108,PAIRED,RANDOM,METAGENOMIC,human gut metagenome,ILLUMINA,2022-12-31T00:00:00Z,2022-07-27T18:03:00Z,1,63761,SRP355475
SRR20677915,WGS,238,5843772358,PRJNA798058,SAMN30004232,Metagenome or environmental,1959113043,WASHINGTON UNIVERSITY IN ST. LOUIS,2020,public,"fastq,run.zq,sra","gs,ncbi,s3","gs.us-east1,ncbi.public,s3.us-east-1",SRX16699700,USA,North America,USA: St. Louis,Homo sapiens,Illumina NovaSeq 6000,Stool 107,38.6270 N 90.1994 W,Stool 107,PAIRED,RANDOM,METAGENOMIC,human gut metagenome,ILLUMINA,2022-12-31T00:00:00Z,2022-07-27T18:04:00Z,1,63567,SRP355475
SRR20677916,WGS,224,6023641924,PRJNA798058,SAMN30004231,Metagenome or environmental,1979163932,WASHINGTON UNIVERSITY IN ST. LOUIS,2021,public,"fastq,run.zq,sra","gs,ncbi,s3","gs.us-east1,ncbi.public,s3.us-east-1",SRX16699699,USA,North America,USA: St. Louis,Homo sapiens,Illumina NovaSeq 6000,Stool 106,38.6270 N 90.1994 W,Stool 106,PAIRED,RANDOM,METAGENOMIC,human gut metagenome,ILLUMINA,2022-12-31T00:00:00Z,2022-07-27T18:11:00Z,1,63479,SRP355475
SRR20677917,WGS,276,1643324673,PRJNA798058,SAMN30004230,Metagenome or environmental,628204545,WASHINGTON UNIVERSITY IN ST. LOUIS,2021,public,"fastq,run.zq,sra","gs,ncbi,s3","gs.us-east1,ncbi.public,s3.us-east-1",SRX16699698,USA,North America,USA: St. Louis,Homo sapiens,Illumina NovaSeq 6000,Stool 105,38.6270 N 90.1994 W,Stool 105,PAIRED,RANDOM,METAGENOMIC,human gut metagenome,ILLUMINA,2022-12-31T00:00:00Z,2022-07-27T17:56:00Z,1,63362,SRP355475
SRR20677918,WGS,254,5364124726,PRJNA798058,SAMN30004229,Metagenome or environmental,1783603489,WASHINGTON UNIVERSITY IN ST. LOUIS,2021,public,"fastq,run.zq,sra","gs,ncbi,s3","gs.us-east1,ncbi.public,s3.us-east-1",SRX16699697,USA,North America,USA: St. Louis,Homo sapiens,Illumina NovaSeq 6000,Stool 104,38.6270 N 90.1994 W,Stool 104,PAIRED,RANDOM,METAGENOMIC,human gut metagenome,ILLUMINA,2022-12-31T00:00:00Z,2022-07-27T18:06:00Z,1,63360,SRP355475
SRR20677919,WGS,216,4187790229,PRJNA798058,SAMN30004220,Metagenome or environmental,1391729188,WASHINGTON UNIVERSITY IN ST. LOUIS,2020,public,"fastq,run.zq,sra","gs,ncbi,s3","gs.us-east1,ncbi.public,s3.us-east-1",SRX16699696,USA,North America,USA: St. Louis,Homo sapiens,Illumina NovaSeq 6000,Stool 95,38.6270 N 90.1994 W,Stool 95,PAIRED,RANDOM,METAGENOMIC,human gut metagenome,ILLUMINA,2022-12-31T00:00:00Z,2022-07-27T18:43:00Z,1,24238,SRP355475
SRR20677920,WGS,254,4191411357,PRJNA798058,SAMN30004219,Metagenome or environmental,1404718685,WASHINGTON UNIVERSITY IN ST. LOUIS,2020,public,"fastq,run.zq,sra","gs,ncbi,s3","gs.us-east1,ncbi.public,s3.us-east-1",SRX16699695,USA,North America,USA: St. Louis,Homo sapiens,Illumina NovaSeq 6000,Stool 94,38.6270 N 90.1994 W,Stool 94,PAIRED,RANDOM,METAGENOMIC,human gut metagenome,ILLUMINA,2022-12-31T00:00:00Z,2022-07-27T19:04:00Z,1,16564,SRP355475
